-- phpMyAdmin SQL Dump
-- version 5.1.1
-- https://www.phpmyadmin.net/
--
-- Host: 127.0.0.1
-- Generation Time: Aug 18, 2022 at 06:11 AM
-- Server version: 10.4.22-MariaDB
-- PHP Version: 8.1.2

SET SQL_MODE = "NO_AUTO_VALUE_ON_ZERO";
START TRANSACTION;
SET time_zone = "+00:00";


/*!40101 SET @OLD_CHARACTER_SET_CLIENT=@@CHARACTER_SET_CLIENT */;
/*!40101 SET @OLD_CHARACTER_SET_RESULTS=@@CHARACTER_SET_RESULTS */;
/*!40101 SET @OLD_COLLATION_CONNECTION=@@COLLATION_CONNECTION */;
/*!40101 SET NAMES utf8mb4 */;

--
-- Database: `official_pdmes`
--

-- --------------------------------------------------------

--
-- Table structure for table `admin`
--

CREATE TABLE `admin` (
  `id` int(11) NOT NULL,
  `username` varchar(255) NOT NULL,
  `password` varchar(255) NOT NULL
) ENGINE=InnoDB DEFAULT CHARSET=utf8mb4;

--
-- Dumping data for table `admin`
--

INSERT INTO `admin` (`id`, `username`, `password`) VALUES
(1, 'ADMIN', '$2y$10$Qsu5BhwwVLcFLn5d17jeVu5kTz1hKFVcK4GQj7EyEPhYD2I71Nri2');

-- --------------------------------------------------------

--
-- Table structure for table `certifications`
--

CREATE TABLE `certifications` (
  `id` int(11) NOT NULL,
  `lrn` varchar(50) NOT NULL,
  `name` varchar(50) NOT NULL,
  `grade` int(11) NOT NULL,
  `name_of_school` varchar(50) NOT NULL,
  `school_id` varchar(50) NOT NULL,
  `division` varchar(50) NOT NULL,
  `last_school_year_attended` date NOT NULL,
  `date` date NOT NULL,
  `name_of_principal` varchar(100) DEFAULT NULL,
  `phase` varchar(50) NOT NULL,
  `remarks` varchar(50) NOT NULL,
  `date_time_created` datetime NOT NULL,
  `date_time_updated` datetime NOT NULL
) ENGINE=InnoDB DEFAULT CHARSET=utf8mb4;

--
-- Dumping data for table `certifications`
--

INSERT INTO `certifications` (`id`, `lrn`, `name`, `grade`, `name_of_school`, `school_id`, `division`, `last_school_year_attended`, `date`, `name_of_principal`, `phase`, `remarks`, `date_time_created`, `date_time_updated`) VALUES
(10, '109857060083', 'mathew dalisay', 9, 'pdmes', 'sample school id', '1', '2022-05-04', '0000-00-00', 'sample name of principal', '', '', '2022-05-01 23:59:45', '2022-05-01 23:59:45'),
(11, '109857060083', '', 0, '', '', '', '0000-00-00', '0000-00-00', NULL, '', '', '2022-05-01 23:59:45', '2022-05-01 23:59:45'),
(12, '109857060083', '', 0, '', '', '', '0000-00-00', '0000-00-00', NULL, '', '', '2022-05-01 23:59:45', '2022-05-01 23:59:45'),
(13, '', '', 0, '', '', '', '0000-00-00', '0000-00-00', '', '1', 'none', '2022-05-04 06:22:29', '2022-05-04 06:22:29'),
(14, '', '', 0, '', '', '', '0000-00-00', '0000-00-00', '', '2', 'none', '2022-05-04 06:22:29', '2022-05-04 06:22:29'),
(15, '', '', 0, '', '', '', '0000-00-00', '0000-00-00', '', '3', 'none', '2022-05-04 06:22:29', '2022-05-04 06:22:29'),
(16, '', '', 0, '', '', '', '0000-00-00', '0000-00-00', '', '1', 'none', '2022-05-04 06:23:09', '2022-05-04 06:23:09'),
(17, '', '', 0, '', '', '', '0000-00-00', '0000-00-00', '', '2', 'none', '2022-05-04 06:23:09', '2022-05-04 06:23:09'),
(18, '', '', 0, '', '', '', '0000-00-00', '0000-00-00', '', '3', 'none', '2022-05-04 06:23:09', '2022-05-04 06:23:09'),
(19, '', '', 0, '', '', '', '0000-00-00', '0000-00-00', '', '1', '', '2022-05-04 06:25:18', '0000-00-00 00:00:00'),
(20, '', '', 0, '', '', '', '0000-00-00', '0000-00-00', '', '2', '', '2022-05-04 06:25:18', '0000-00-00 00:00:00'),
(21, '', '', 0, '', '', '', '0000-00-00', '0000-00-00', '', '3', '', '2022-05-04 06:25:18', '0000-00-00 00:00:00'),
(22, '', '', 0, '', '', '', '0000-00-00', '0000-00-00', '', '1', '', '2022-05-08 10:26:14', '0000-00-00 00:00:00'),
(23, '', '', 0, '', '', '', '0000-00-00', '0000-00-00', '', '2', '', '2022-05-08 10:26:14', '0000-00-00 00:00:00'),
(24, '', '', 0, '', '', '', '0000-00-00', '0000-00-00', '', '3', '', '2022-05-08 10:26:14', '0000-00-00 00:00:00'),
(25, '', '', 0, '', '', '', '0000-00-00', '0000-00-00', '', '1', 'none', '2022-05-09 05:07:31', '2022-05-09 05:07:31'),
(26, '', '', 0, '', '', '', '0000-00-00', '0000-00-00', '', '2', 'none', '2022-05-09 05:07:31', '2022-05-09 05:07:31'),
(27, '', '', 0, '', '', '', '0000-00-00', '0000-00-00', '', '3', 'none', '2022-05-09 05:07:31', '2022-05-09 05:07:31'),
(28, '', '', 0, '', '', '', '0000-00-00', '0000-00-00', '', '1', 'none', '2022-05-15 01:20:33', '2022-05-15 01:20:33'),
(29, '', '', 0, '', '', '', '0000-00-00', '0000-00-00', '', '2', 'none', '2022-05-15 01:20:33', '2022-05-15 01:20:33'),
(30, '', '', 0, '', '', '', '0000-00-00', '0000-00-00', '', '3', 'none', '2022-05-15 01:20:33', '2022-05-15 01:20:33'),
(31, '', '', 0, '', '', '', '0000-00-00', '0000-00-00', '', '1', 'none', '2022-05-15 01:24:57', '2022-05-15 01:24:57'),
(32, '', '', 0, '', '', '', '0000-00-00', '0000-00-00', '', '2', 'none', '2022-05-15 01:24:57', '2022-05-15 01:24:57'),
(33, '', '', 0, '', '', '', '0000-00-00', '0000-00-00', '', '3', 'none', '2022-05-15 01:24:57', '2022-05-15 01:24:57'),
(34, '', '', 0, '', '', '', '0000-00-00', '0000-00-00', '', '1', '', '2022-08-16 05:22:49', '0000-00-00 00:00:00'),
(35, '', '', 0, '', '', '', '0000-00-00', '0000-00-00', '', '2', '', '2022-08-16 05:22:49', '0000-00-00 00:00:00'),
(36, '', '', 0, '', '', '', '0000-00-00', '0000-00-00', '', '3', '', '2022-08-16 05:22:49', '0000-00-00 00:00:00'),
(37, '', '', 0, '', '', '', '0000-00-00', '0000-00-00', '', '1', '', '2022-08-16 05:23:40', '0000-00-00 00:00:00'),
(38, '', '', 0, '', '', '', '0000-00-00', '0000-00-00', '', '2', '', '2022-08-16 05:23:40', '0000-00-00 00:00:00'),
(39, '', '', 0, '', '', '', '0000-00-00', '0000-00-00', '', '3', '', '2022-08-16 05:23:40', '0000-00-00 00:00:00'),
(40, 'Ava', 'Talon', 0, 'MacKenzie', 'MacKenzie', 'MacKenzie', '0000-00-00', '0000-00-00', 'MacKenzie', '1', 'none', '2022-08-17 11:56:36', '2022-08-17 11:56:36'),
(41, 'Ferdinand', 'Preston', 0, 'Nehru', 'Nehru', 'Nehru', '0000-00-00', '0000-00-00', 'Nehru', '2', 'none', '2022-08-17 11:56:36', '2022-08-17 11:56:36'),
(42, 'Gloria', 'Ingrid', 0, 'Germane', 'Germane', 'Germane', '0000-00-00', '0000-00-00', 'Germane', '3', 'none', '2022-08-17 11:56:36', '2022-08-17 11:56:36'),
(43, '953', 'Moana Emerson', 484, 'Fleur', 'Excepturi in volupta', 'Samuel', '0000-00-00', '1990-06-04', 'Jade', '1', '', '2022-08-17 12:54:25', '0000-00-00 00:00:00'),
(44, '615', 'Tad White', 206, 'Gregory', 'At iure explicabo I', 'Jessamine', '0000-00-00', '2003-09-09', 'Mariko', '2', '', '2022-08-17 12:54:25', '0000-00-00 00:00:00'),
(45, '216', 'Cadman Howell', 523, 'Melinda', 'Quisquam elit sed e', 'Tasha', '0000-00-00', '1975-02-17', 'Coby Bentley', '3', '', '2022-08-17 12:54:25', '0000-00-00 00:00:00'),
(46, '', '', 0, '', '', '', '0000-00-00', '0000-00-00', '', '1', 'none', '2022-08-18 02:34:01', '2022-08-18 02:34:01'),
(47, '', '', 0, '', '', '', '0000-00-00', '0000-00-00', '', '2', 'none', '2022-08-18 02:34:01', '2022-08-18 02:34:01'),
(48, '', '', 0, '', '', '', '0000-00-00', '0000-00-00', '', '3', 'none', '2022-08-18 02:34:01', '2022-08-18 02:34:01'),
(49, '714', 'Emi Walsh', 637, 'Brenda', 'Nisi ut qui est rati', 'Genevieve', '0000-00-00', '1975-11-07', 'Heather', '1', '', '2022-08-18 02:36:37', '0000-00-00 00:00:00'),
(50, '957', 'Mufutau Dillard', 316, 'Mallory', 'Id irure harum enim ', 'Arthur', '0000-00-00', '1990-01-11', 'Cedric', '2', '', '2022-08-18 02:36:37', '0000-00-00 00:00:00'),
(51, '185', 'Remedios Mcmillan', 792, 'Bryar', 'Itaque mollit irure ', 'Sonia', '0000-00-00', '1987-10-26', 'Erich Kent', '3', '', '2022-08-18 02:36:37', '0000-00-00 00:00:00'),
(52, '373456789123', 'Lucas', 366, 'Kyle', 'Atque quas consequun', 'Catherine', '0000-00-00', '2006-02-14', 'Lael', '1', '', '2022-08-18 02:37:44', '2022-08-18 02:38:57'),
(53, '', '', 0, '', '', '', '0000-00-00', '0000-00-00', '', '2', '', '2022-08-18 02:37:44', '0000-00-00 00:00:00'),
(54, '', '', 0, '', '', '', '0000-00-00', '0000-00-00', '', '3', '', '2022-08-18 02:37:44', '0000-00-00 00:00:00'),
(55, '20', 'Eugenia Russell', 236, 'Francesca', 'Nemo enim asperiores', 'Hedda', '0000-00-00', '2013-06-16', 'Quinlan', '2', '', '2022-08-18 02:38:57', '0000-00-00 00:00:00'),
(56, '971', 'Walker Fischer', 162, 'Drew', 'Omnis quos est exerc', 'Giacomo', '0000-00-00', '1992-01-01', 'Zachary Bender', '3', '', '2022-08-18 02:38:57', '0000-00-00 00:00:00'),
(57, '', '', 0, '', '', '', '0000-00-00', '0000-00-00', '', '1', 'none', '2022-08-18 11:38:38', '2022-08-18 11:38:38'),
(58, '', '', 0, '', '', '', '0000-00-00', '0000-00-00', '', '2', 'none', '2022-08-18 11:38:38', '2022-08-18 11:38:38'),
(59, '', '', 0, '', '', '', '0000-00-00', '0000-00-00', '', '3', 'none', '2022-08-18 11:38:38', '2022-08-18 11:38:38'),
(60, '', '', 0, '', '', '', '0000-00-00', '0000-00-00', '', '1', 'none', '2022-08-18 11:42:17', '2022-08-18 11:42:17'),
(61, '', '', 0, '', '', '', '0000-00-00', '0000-00-00', '', '2', 'none', '2022-08-18 11:42:17', '2022-08-18 11:42:17'),
(62, '', '', 0, '', '', '', '0000-00-00', '0000-00-00', '', '3', 'none', '2022-08-18 11:42:17', '2022-08-18 11:42:17'),
(63, '378', 'Jaime Sloan', 954, 'Elvis', 'Ratione sunt est ame', 'Catherine', '0000-00-00', '1971-12-03', 'Christine', '1', '', '2022-08-18 11:42:44', '0000-00-00 00:00:00'),
(64, '466', 'Jordan Bridges', 10, 'Tanner', 'Velit nemo laborios', 'Zelda', '0000-00-00', '2002-09-29', 'Zia', '2', '', '2022-08-18 11:42:44', '0000-00-00 00:00:00'),
(65, '545', 'Petra Lyons', 897, 'Hilel', 'Nulla minima suscipi', 'Henry', '0000-00-00', '1978-06-20', 'Sierra Henson', '3', '', '2022-08-18 11:42:44', '0000-00-00 00:00:00'),
(66, '789456123078', 'mathew melendez', 0, 'asd', '12332', '23', '0000-00-00', '2022-09-10', '23232', '1', '', '2022-08-18 11:43:38', '0000-00-00 00:00:00'),
(67, '', '', 0, '', '', '', '0000-00-00', '0000-00-00', '', '2', '', '2022-08-18 11:43:38', '0000-00-00 00:00:00'),
(68, '', '', 0, '', '', '', '0000-00-00', '0000-00-00', '', '3', '', '2022-08-18 11:43:38', '0000-00-00 00:00:00');

-- --------------------------------------------------------

--
-- Table structure for table `eligibility_for_elementary_school_enrollment`
--

CREATE TABLE `eligibility_for_elementary_school_enrollment` (
  `id` int(11) NOT NULL,
  `lrn` varchar(50) NOT NULL,
  `credential_presented` varchar(255) NOT NULL,
  `name_of_school` varchar(50) NOT NULL,
  `school_id` varchar(50) NOT NULL,
  `address_of_school` varchar(255) NOT NULL,
  `pept_passer` varchar(50) NOT NULL,
  `rating` varchar(50) NOT NULL,
  `date_of_assessment` varchar(50) NOT NULL,
  `others` varchar(50) NOT NULL,
  `specify` varchar(50) NOT NULL,
  `name_and_address_testing_center` varchar(255) NOT NULL,
  `remarks` varchar(50) NOT NULL,
  `date_time_created` datetime NOT NULL,
  `date_time_updated` datetime NOT NULL
) ENGINE=InnoDB DEFAULT CHARSET=utf8mb4;

--
-- Dumping data for table `eligibility_for_elementary_school_enrollment`
--

INSERT INTO `eligibility_for_elementary_school_enrollment` (`id`, `lrn`, `credential_presented`, `name_of_school`, `school_id`, `address_of_school`, `pept_passer`, `rating`, `date_of_assessment`, `others`, `specify`, `name_and_address_testing_center`, `remarks`, `date_time_created`, `date_time_updated`) VALUES
(145, '789456123078', 'ECCD Checklist', 'NAYDA', 'EOS ASPERNATUR RATIO', 'JENETTE', '1', '433', '1985-07-15', '0', ' ', 'BLOSSOM', 'Odette', '2022-08-18 11:42:17', '2022-08-18 11:43:38');

-- --------------------------------------------------------

--
-- Table structure for table `history`
--

CREATE TABLE `history` (
  `id` int(11) NOT NULL,
  `lrn` varchar(50) NOT NULL,
  `send_to` varchar(50) NOT NULL,
  `subject` varchar(50) NOT NULL,
  `grade_level` varchar(50) NOT NULL,
  `remarks` varchar(50) NOT NULL,
  `date_time_created` varchar(50) NOT NULL,
  `date_time_updated` datetime NOT NULL
) ENGINE=InnoDB DEFAULT CHARSET=utf8mb4;

-- --------------------------------------------------------

--
-- Table structure for table `learners_personal_infos`
--

CREATE TABLE `learners_personal_infos` (
  `id` int(11) NOT NULL,
  `lrn` varchar(50) NOT NULL,
  `last_name` varchar(50) NOT NULL,
  `first_name` varchar(50) NOT NULL,
  `middle_name` varchar(50) NOT NULL,
  `suffix` varchar(50) NOT NULL,
  `birth_date` date NOT NULL,
  `sex` varchar(50) NOT NULL,
  `remarks` varchar(50) NOT NULL,
  `date_time_created` datetime NOT NULL,
  `date_time_updated` datetime NOT NULL
) ENGINE=InnoDB DEFAULT CHARSET=utf8mb4;

--
-- Dumping data for table `learners_personal_infos`
--

INSERT INTO `learners_personal_infos` (`id`, `lrn`, `last_name`, `first_name`, `middle_name`, `suffix`, `birth_date`, `sex`, `remarks`, `date_time_created`, `date_time_updated`) VALUES
(190, '789456123078', 'Pearson', 'Akeem', 'Colby Romero', 'Sunt Sit Maiores Qu', '1976-12-02', 'Female', 'none', '2022-08-18 11:42:17', '2022-08-18 11:43:38');

-- --------------------------------------------------------

--
-- Table structure for table `remedial_classes`
--

CREATE TABLE `remedial_classes` (
  `id` int(11) NOT NULL,
  `lrn` varchar(50) NOT NULL,
  `date_from` date NOT NULL,
  `date_to` date NOT NULL,
  `learning_areas` varchar(50) NOT NULL,
  `final_rating` int(11) NOT NULL,
  `remedial_class_mark` varchar(50) NOT NULL,
  `recomputed_final_grade` int(11) NOT NULL,
  `phase` int(11) NOT NULL,
  `term` int(11) NOT NULL,
  `remarks` varchar(50) NOT NULL,
  `date_time_created` datetime NOT NULL,
  `date_time_updated` datetime NOT NULL
) ENGINE=InnoDB DEFAULT CHARSET=utf8mb4;

--
-- Dumping data for table `remedial_classes`
--

INSERT INTO `remedial_classes` (`id`, `lrn`, `date_from`, `date_to`, `learning_areas`, `final_rating`, `remedial_class_mark`, `recomputed_final_grade`, `phase`, `term`, `remarks`, `date_time_created`, `date_time_updated`) VALUES
(795, '789456123078', '1984-01-02', '1971-09-11', 'Cameron', 52, 'Sylvester', 23, 1, 1, 'Odette', '2022-08-18 11:42:17', '2022-08-18 11:43:38'),
(796, '789456123078', '1984-01-02', '1971-09-11', 'Kuame', 5, 'Jasmine', 6, 1, 2, 'Drew', '2022-08-18 11:42:17', '2022-08-18 11:43:38'),
(797, '789456123078', '1991-08-16', '1994-12-13', 'Yoko', 54, 'Laurel', 90, 2, 1, 'Oren', '2022-08-18 11:42:17', '2022-08-18 11:43:38'),
(798, '789456123078', '1991-08-16', '1994-12-13', 'Brooke', 30, 'Ferris', 72, 2, 2, 'Lani', '2022-08-18 11:42:17', '2022-08-18 11:43:38'),
(799, '789456123078', '1995-06-08', '1989-02-09', 'Hop', 39, 'Quintessa', 49, 3, 1, 'Patience', '2022-08-18 11:42:17', '2022-08-18 11:43:38'),
(800, '789456123078', '1995-06-08', '1989-02-09', 'Driscoll', 58, 'Maggy', 97, 3, 2, 'Zeph', '2022-08-18 11:42:17', '2022-08-18 11:43:38'),
(801, '789456123078', '2006-01-11', '1985-05-11', 'Maggy', 12, 'Elaine', 17, 4, 1, 'Idona', '2022-08-18 11:42:17', '2022-08-18 11:43:38'),
(802, '789456123078', '2006-01-11', '1985-05-11', 'Dai', 96, 'Katell', 72, 4, 2, 'Phoebe', '2022-08-18 11:42:17', '2022-08-18 11:43:38'),
(803, '789456123078', '1990-09-10', '1971-09-22', 'Willa', 94, 'Teegan', 51, 5, 1, 'Mara', '2022-08-18 11:42:17', '2022-08-18 11:43:38'),
(804, '789456123078', '1990-09-10', '1971-09-22', 'Leo', 63, 'Olivia', 55, 5, 2, 'Fiona', '2022-08-18 11:42:17', '2022-08-18 11:43:38'),
(805, '789456123078', '1996-07-31', '1990-11-23', 'Regina', 16, 'Malcolm', 6, 6, 1, 'Carly', '2022-08-18 11:42:17', '2022-08-18 11:43:38'),
(806, '789456123078', '1996-07-31', '1990-11-23', 'Jesse', 98, 'Echo', 48, 6, 2, 'Petra', '2022-08-18 11:42:17', '2022-08-18 11:43:38'),
(807, '789456123078', '2015-04-02', '1983-08-08', 'Alvin', 45, 'Ira', 60, 7, 1, 'Lars', '2022-08-18 11:42:17', '2022-08-18 11:43:38'),
(808, '789456123078', '2015-04-02', '1983-08-08', 'Francesca', 29, 'Miriam', 6, 7, 2, 'Lesley', '2022-08-18 11:42:17', '2022-08-18 11:43:38'),
(809, '789456123078', '2014-06-21', '1981-08-16', 'Mikayla', 7, 'Barbara', 25, 8, 1, 'Donna', '2022-08-18 11:42:17', '2022-08-18 11:43:38'),
(810, '789456123078', '2014-06-21', '1981-08-16', 'Lesley', 35, 'Adrienne', 52, 8, 2, 'Sage', '2022-08-18 11:42:17', '2022-08-18 11:43:38');

-- --------------------------------------------------------

--
-- Table structure for table `scholastic_records`
--

CREATE TABLE `scholastic_records` (
  `id` int(11) NOT NULL,
  `lrn` varchar(50) NOT NULL,
  `school` varchar(50) NOT NULL,
  `school_id` varchar(50) NOT NULL,
  `district` varchar(50) NOT NULL,
  `division` varchar(50) NOT NULL,
  `region` varchar(50) NOT NULL,
  `classified_as_grade` varchar(50) NOT NULL,
  `section` varchar(50) NOT NULL,
  `school_year` varchar(50) NOT NULL,
  `name_of_teacher` varchar(50) NOT NULL,
  `signature` varchar(50) NOT NULL,
  `phase` varchar(11) NOT NULL,
  `remarks` varchar(50) NOT NULL,
  `date_time_created` date NOT NULL,
  `date_time_updated` datetime NOT NULL
) ENGINE=InnoDB DEFAULT CHARSET=utf8mb4;

--
-- Dumping data for table `scholastic_records`
--

INSERT INTO `scholastic_records` (`id`, `lrn`, `school`, `school_id`, `district`, `division`, `region`, `classified_as_grade`, `section`, `school_year`, `name_of_teacher`, `signature`, `phase`, `remarks`, `date_time_created`, `date_time_updated`) VALUES
(501, '789456123078', 'DUNCAN DECKER', 'Impedit rerum inven', 'Aquila', 'Jin', 'ADIPISCI QUASI AD ES', '770', 'Sylvia', '2005', 'Duncan Decker', 'Omnis a quae ea dolo', '1', 'none', '2022-08-18', '2022-08-18 11:43:38'),
(502, '789456123078', 'WALKER BROWNING', 'Corporis voluptatem', 'Tiger', 'Irene', 'QUASI EXPLICABO SOL', '586', 'Scarlett', '1994', 'Latifah Benjamin', 'Dolorem sunt ad eos', '2', 'none', '2022-08-18', '2022-08-18 11:43:38'),
(503, '789456123078', 'ROBERT YOUNG', 'Illo suscipit quod u', 'Pascale', 'Mary', 'CONSEQUATUR MODI DO ', '667', 'Palmer', '1995', 'Robert Young', 'Adipisicing qui et q', '3', 'none', '2022-08-18', '2022-08-18 11:43:38'),
(504, '789456123078', 'VIVIAN WARNER', 'Eligendi ea placeat', 'Leandra', 'Ariel', 'ID MAXIME VOLUPTAS Q', '537', 'Leo', '1972', 'Vivian Warner', 'Et aliquid omnis ali', '4', 'none', '2022-08-18', '2022-08-18 11:43:38'),
(505, '789456123078', 'EOS SUNT ACCUSANTIUM', 'Ut nihil dolor sit v', 'Jameson', 'Jamalia', 'AD NOSTRUM ADIPISICI', '971', 'Ralph', '1978', 'Branden Beard', 'Sed aliquip commodi ', '5', 'none', '2022-08-18', '2022-08-18 11:43:38'),
(506, '789456123078', 'VERITATIS MAGNA PROV', 'Minus rerum adipisic', 'Brielle', 'Warren', 'OFFICIA SAEPE DOLORE', '912', 'Len', '1993', 'Avye Holden', 'Aliquid et dolores n', '6', 'none', '2022-08-18', '2022-08-18 11:43:38'),
(507, '789456123078', 'CUM CUPIDITATE EST E', 'Ratione corporis et ', 'Kasper', 'Thane', 'SAEPE REPELLENDUS M', '556', 'Gareth', '2011', 'Dieter Burch', 'Ab et nihil tenetur ', '7', 'none', '2022-08-18', '2022-08-18 11:43:38'),
(508, '789456123078', 'AB QUI SINT ELIT QU', 'Sint assumenda quis ', 'Elaine', 'Quin', 'QUAM ATQUE EA EX RAT', '134', 'Duncan', '1975', 'Dennis Schneider', 'Ut corporis impedit', '8', 'none', '2022-08-18', '2022-08-18 11:43:38');

-- --------------------------------------------------------

--
-- Table structure for table `student_final_ratings`
--

CREATE TABLE `student_final_ratings` (
  `id` int(11) NOT NULL,
  `lrn` varchar(50) NOT NULL,
  `subject_id` int(50) NOT NULL,
  `final_rating` int(11) NOT NULL,
  `term` varchar(50) NOT NULL,
  `phase` varchar(11) NOT NULL,
  `remarks` varchar(50) NOT NULL,
  `date_time_created` datetime NOT NULL,
  `date_time_updated` datetime NOT NULL
) ENGINE=InnoDB DEFAULT CHARSET=utf8mb4;

--
-- Dumping data for table `student_final_ratings`
--

INSERT INTO `student_final_ratings` (`id`, `lrn`, `subject_id`, `final_rating`, `term`, `phase`, `remarks`, `date_time_created`, `date_time_updated`) VALUES
(6791, '789456123078', 1, 51, 'Final Rating', '1', 'FAILED', '2022-08-18 11:42:17', '2022-08-18 11:43:38'),
(6792, '789456123078', 2, 54, 'Final Rating', '1', 'FAILED', '2022-08-18 11:42:17', '2022-08-18 11:43:38'),
(6793, '789456123078', 3, 29, 'Final Rating', '1', 'FAILED', '2022-08-18 11:42:17', '2022-08-18 11:43:38'),
(6794, '789456123078', 4, 31, 'Final Rating', '1', 'FAILED', '2022-08-18 11:42:17', '2022-08-18 11:43:38'),
(6795, '789456123078', 5, 36, 'Final Rating', '1', 'FAILED', '2022-08-18 11:42:17', '2022-08-18 11:43:38'),
(6796, '789456123078', 6, 54, 'Final Rating', '1', 'FAILED', '2022-08-18 11:42:17', '2022-08-18 11:43:38'),
(6797, '789456123078', 7, 64, 'Final Rating', '1', 'FAILED', '2022-08-18 11:42:17', '2022-08-18 11:43:38'),
(6798, '789456123078', 8, 62, 'Final Rating', '1', 'FAILED', '2022-08-18 11:42:17', '2022-08-18 11:43:38'),
(6799, '789456123078', 9, 51, 'Final Rating', '1', 'FAILED', '2022-08-18 11:42:17', '2022-08-18 11:43:38'),
(6800, '789456123078', 10, 62, 'Final Rating', '1', 'FAILED', '2022-08-18 11:42:17', '2022-08-18 11:43:38'),
(6801, '789456123078', 11, 61, 'Final Rating', '1', 'FAILED', '2022-08-18 11:42:17', '2022-08-18 11:43:38'),
(6802, '789456123078', 12, 73, 'Final Rating', '1', 'FAILED', '2022-08-18 11:42:17', '2022-08-18 11:43:38'),
(6803, '789456123078', 13, 60, 'Final Rating', '1', 'FAILED', '2022-08-18 11:42:17', '2022-08-18 11:43:38'),
(6804, '789456123078', 14, 57, 'Final Rating', '1', 'FAILED', '2022-08-18 11:42:17', '2022-08-18 11:43:38'),
(6805, '789456123078', 15, 39, 'Final Rating', '1', 'FAILED', '2022-08-18 11:42:17', '2022-08-18 11:43:38'),
(6806, '789456123078', 1, 48, 'Final Rating', '2', 'FAILED', '2022-08-18 11:42:17', '2022-08-18 11:43:38'),
(6807, '789456123078', 2, 35, 'Final Rating', '2', 'FAILED', '2022-08-18 11:42:17', '2022-08-18 11:43:38'),
(6808, '789456123078', 3, 74, 'Final Rating', '2', 'FAILED', '2022-08-18 11:42:17', '2022-08-18 11:43:38'),
(6809, '789456123078', 4, 54, 'Final Rating', '2', 'FAILED', '2022-08-18 11:42:17', '2022-08-18 11:43:38'),
(6810, '789456123078', 5, 56, 'Final Rating', '2', 'FAILED', '2022-08-18 11:42:17', '2022-08-18 11:43:38'),
(6811, '789456123078', 6, 48, 'Final Rating', '2', 'FAILED', '2022-08-18 11:42:17', '2022-08-18 11:43:38'),
(6812, '789456123078', 7, 18, 'Final Rating', '2', 'FAILED', '2022-08-18 11:42:17', '2022-08-18 11:43:38'),
(6813, '789456123078', 8, 39, 'Final Rating', '2', 'FAILED', '2022-08-18 11:42:17', '2022-08-18 11:43:38'),
(6814, '789456123078', 9, 63, 'Final Rating', '2', 'FAILED', '2022-08-18 11:42:17', '2022-08-18 11:43:38'),
(6815, '789456123078', 10, 19, 'Final Rating', '2', 'FAILED', '2022-08-18 11:42:17', '2022-08-18 11:43:38'),
(6816, '789456123078', 11, 40, 'Final Rating', '2', 'FAILED', '2022-08-18 11:42:17', '2022-08-18 11:43:38'),
(6817, '789456123078', 12, 34, 'Final Rating', '2', 'FAILED', '2022-08-18 11:42:17', '2022-08-18 11:43:38'),
(6818, '789456123078', 13, 21, 'Final Rating', '2', 'FAILED', '2022-08-18 11:42:17', '2022-08-18 11:43:38'),
(6819, '789456123078', 14, 35, 'Final Rating', '2', 'FAILED', '2022-08-18 11:42:17', '2022-08-18 11:43:38'),
(6820, '789456123078', 15, 62, 'Final Rating', '2', 'FAILED', '2022-08-18 11:42:17', '2022-08-18 11:43:38'),
(6821, '789456123078', 1, 48, 'Final Rating', '3', 'FAILED', '2022-08-18 11:42:17', '2022-08-18 11:43:38'),
(6822, '789456123078', 2, 43, 'Final Rating', '3', 'FAILED', '2022-08-18 11:42:17', '2022-08-18 11:43:38'),
(6823, '789456123078', 3, 49, 'Final Rating', '3', 'FAILED', '2022-08-18 11:42:17', '2022-08-18 11:43:38'),
(6824, '789456123078', 4, 29, 'Final Rating', '3', 'FAILED', '2022-08-18 11:42:17', '2022-08-18 11:43:38'),
(6825, '789456123078', 5, 44, 'Final Rating', '3', 'FAILED', '2022-08-18 11:42:17', '2022-08-18 11:43:38'),
(6826, '789456123078', 6, 56, 'Final Rating', '3', 'FAILED', '2022-08-18 11:42:17', '2022-08-18 11:43:38'),
(6827, '789456123078', 7, 58, 'Final Rating', '3', 'FAILED', '2022-08-18 11:42:17', '2022-08-18 11:43:38'),
(6828, '789456123078', 8, 47, 'Final Rating', '3', 'FAILED', '2022-08-18 11:42:17', '2022-08-18 11:43:38'),
(6829, '789456123078', 9, 69, 'Final Rating', '3', 'FAILED', '2022-08-18 11:42:17', '2022-08-18 11:43:38'),
(6830, '789456123078', 10, 39, 'Final Rating', '3', 'FAILED', '2022-08-18 11:42:17', '2022-08-18 11:43:38'),
(6831, '789456123078', 11, 28, 'Final Rating', '3', 'FAILED', '2022-08-18 11:42:17', '2022-08-18 11:43:38'),
(6832, '789456123078', 12, 51, 'Final Rating', '3', 'FAILED', '2022-08-18 11:42:17', '2022-08-18 11:43:38'),
(6833, '789456123078', 13, 52, 'Final Rating', '3', 'FAILED', '2022-08-18 11:42:17', '2022-08-18 11:43:38'),
(6834, '789456123078', 14, 70, 'Final Rating', '3', 'FAILED', '2022-08-18 11:42:17', '2022-08-18 11:43:38'),
(6835, '789456123078', 15, 33, 'Final Rating', '3', 'FAILED', '2022-08-18 11:42:17', '2022-08-18 11:43:38'),
(6836, '789456123078', 1, 73, 'Final Rating', '4', 'FAILED', '2022-08-18 11:42:17', '2022-08-18 11:43:38'),
(6837, '789456123078', 2, 41, 'Final Rating', '4', 'FAILED', '2022-08-18 11:42:17', '2022-08-18 11:43:38'),
(6838, '789456123078', 3, 58, 'Final Rating', '4', 'FAILED', '2022-08-18 11:42:17', '2022-08-18 11:43:38'),
(6839, '789456123078', 4, 49, 'Final Rating', '4', 'FAILED', '2022-08-18 11:42:17', '2022-08-18 11:43:38'),
(6840, '789456123078', 5, 62, 'Final Rating', '4', 'FAILED', '2022-08-18 11:42:17', '2022-08-18 11:43:38'),
(6841, '789456123078', 6, 52, 'Final Rating', '4', 'FAILED', '2022-08-18 11:42:17', '2022-08-18 11:43:38'),
(6842, '789456123078', 7, 54, 'Final Rating', '4', 'FAILED', '2022-08-18 11:42:17', '2022-08-18 11:43:38'),
(6843, '789456123078', 8, 51, 'Final Rating', '4', 'FAILED', '2022-08-18 11:42:17', '2022-08-18 11:43:38'),
(6844, '789456123078', 9, 69, 'Final Rating', '4', 'FAILED', '2022-08-18 11:42:17', '2022-08-18 11:43:38'),
(6845, '789456123078', 10, 45, 'Final Rating', '4', 'FAILED', '2022-08-18 11:42:17', '2022-08-18 11:43:38'),
(6846, '789456123078', 11, 35, 'Final Rating', '4', 'FAILED', '2022-08-18 11:42:17', '2022-08-18 11:43:38'),
(6847, '789456123078', 12, 55, 'Final Rating', '4', 'FAILED', '2022-08-18 11:42:17', '2022-08-18 11:43:38'),
(6848, '789456123078', 13, 55, 'Final Rating', '4', 'FAILED', '2022-08-18 11:42:17', '2022-08-18 11:43:38'),
(6849, '789456123078', 14, 48, 'Final Rating', '4', 'FAILED', '2022-08-18 11:42:17', '2022-08-18 11:43:38'),
(6850, '789456123078', 15, 47, 'Final Rating', '4', 'FAILED', '2022-08-18 11:42:17', '2022-08-18 11:43:38'),
(6851, '789456123078', 1, 69, 'Final Rating', '5', 'FAILED', '2022-08-18 11:42:17', '2022-08-18 11:43:38'),
(6852, '789456123078', 2, 53, 'Final Rating', '5', 'FAILED', '2022-08-18 11:42:17', '2022-08-18 11:43:38'),
(6853, '789456123078', 3, 54, 'Final Rating', '5', 'FAILED', '2022-08-18 11:42:17', '2022-08-18 11:43:38'),
(6854, '789456123078', 4, 85, 'Final Rating', '5', 'PASSED', '2022-08-18 11:42:17', '2022-08-18 11:43:38'),
(6855, '789456123078', 5, 53, 'Final Rating', '5', 'FAILED', '2022-08-18 11:42:17', '2022-08-18 11:43:38'),
(6856, '789456123078', 6, 64, 'Final Rating', '5', 'FAILED', '2022-08-18 11:42:17', '2022-08-18 11:43:38'),
(6857, '789456123078', 7, 44, 'Final Rating', '5', 'FAILED', '2022-08-18 11:42:17', '2022-08-18 11:43:38'),
(6858, '789456123078', 8, 46, 'Final Rating', '5', 'FAILED', '2022-08-18 11:42:17', '2022-08-18 11:43:38'),
(6859, '789456123078', 9, 29, 'Final Rating', '5', 'FAILED', '2022-08-18 11:42:17', '2022-08-18 11:43:38'),
(6860, '789456123078', 10, 55, 'Final Rating', '5', 'FAILED', '2022-08-18 11:42:17', '2022-08-18 11:43:38'),
(6861, '789456123078', 11, 72, 'Final Rating', '5', 'FAILED', '2022-08-18 11:42:17', '2022-08-18 11:43:38'),
(6862, '789456123078', 12, 27, 'Final Rating', '5', 'FAILED', '2022-08-18 11:42:17', '2022-08-18 11:43:38'),
(6863, '789456123078', 13, 69, 'Final Rating', '5', 'FAILED', '2022-08-18 11:42:17', '2022-08-18 11:43:38'),
(6864, '789456123078', 14, 49, 'Final Rating', '5', 'FAILED', '2022-08-18 11:42:17', '2022-08-18 11:43:38'),
(6865, '789456123078', 15, 46, 'Final Rating', '5', 'FAILED', '2022-08-18 11:42:17', '2022-08-18 11:43:38'),
(6866, '789456123078', 1, 45, 'Final Rating', '6', 'FAILED', '2022-08-18 11:42:17', '2022-08-18 11:43:38'),
(6867, '789456123078', 2, 12, 'Final Rating', '6', 'FAILED', '2022-08-18 11:42:17', '2022-08-18 11:43:38'),
(6868, '789456123078', 3, 39, 'Final Rating', '6', 'FAILED', '2022-08-18 11:42:17', '2022-08-18 11:43:38'),
(6869, '789456123078', 4, 67, 'Final Rating', '6', 'FAILED', '2022-08-18 11:42:17', '2022-08-18 11:43:38'),
(6870, '789456123078', 5, 65, 'Final Rating', '6', 'FAILED', '2022-08-18 11:42:17', '2022-08-18 11:43:38'),
(6871, '789456123078', 6, 0, 'Final Rating', 'Final Ratin', 'FAILED', '2022-08-18 11:42:17', '2022-08-18 11:42:17'),
(6872, '789456123078', 7, 25, 'Final Rating', '6', 'FAILED', '2022-08-18 11:42:17', '2022-08-18 11:43:38'),
(6873, '789456123078', 8, 51, 'Final Rating', '6', 'FAILED', '2022-08-18 11:42:17', '2022-08-18 11:43:38'),
(6874, '789456123078', 9, 60, 'Final Rating', '6', 'FAILED', '2022-08-18 11:42:17', '2022-08-18 11:43:38'),
(6875, '789456123078', 10, 45, 'Final Rating', '6', 'FAILED', '2022-08-18 11:42:17', '2022-08-18 11:43:38'),
(6876, '789456123078', 11, 42, 'Final Rating', '6', 'FAILED', '2022-08-18 11:42:17', '2022-08-18 11:43:38'),
(6877, '789456123078', 12, 58, 'Final Rating', '6', 'FAILED', '2022-08-18 11:42:17', '2022-08-18 11:43:38'),
(6878, '789456123078', 13, 33, 'Final Rating', '6', 'FAILED', '2022-08-18 11:42:17', '2022-08-18 11:43:38'),
(6879, '789456123078', 14, 40, 'Final Rating', '6', 'FAILED', '2022-08-18 11:42:17', '2022-08-18 11:43:38'),
(6880, '789456123078', 15, 47, 'Final Rating', '6', 'FAILED', '2022-08-18 11:42:17', '2022-08-18 11:43:38'),
(6881, '789456123078', 1, 40, 'Final Rating', '7', 'FAILED', '2022-08-18 11:42:17', '2022-08-18 11:43:38'),
(6882, '789456123078', 2, 72, 'Final Rating', '7', 'FAILED', '2022-08-18 11:42:17', '2022-08-18 11:43:38'),
(6883, '789456123078', 3, 62, 'Final Rating', '7', 'FAILED', '2022-08-18 11:42:17', '2022-08-18 11:43:38'),
(6884, '789456123078', 4, 42, 'Final Rating', '7', 'FAILED', '2022-08-18 11:42:17', '2022-08-18 11:43:38'),
(6885, '789456123078', 5, 44, 'Final Rating', '7', 'FAILED', '2022-08-18 11:42:17', '2022-08-18 11:43:38'),
(6886, '789456123078', 6, 46, 'Final Rating', '7', 'FAILED', '2022-08-18 11:42:17', '2022-08-18 11:43:38'),
(6887, '789456123078', 7, 30, 'Final Rating', '7', 'FAILED', '2022-08-18 11:42:17', '2022-08-18 11:43:38'),
(6888, '789456123078', 8, 56, 'Final Rating', '7', 'FAILED', '2022-08-18 11:42:17', '2022-08-18 11:43:38'),
(6889, '789456123078', 9, 76, 'Final Rating', '7', 'PASSED', '2022-08-18 11:42:17', '2022-08-18 11:43:38'),
(6890, '789456123078', 10, 44, 'Final Rating', '7', 'FAILED', '2022-08-18 11:42:17', '2022-08-18 11:43:38'),
(6891, '789456123078', 11, 48, 'Final Rating', '7', 'FAILED', '2022-08-18 11:42:17', '2022-08-18 11:43:38'),
(6892, '789456123078', 12, 53, 'Final Rating', '7', 'FAILED', '2022-08-18 11:42:17', '2022-08-18 11:43:38'),
(6893, '789456123078', 13, 38, 'Final Rating', '7', 'FAILED', '2022-08-18 11:42:17', '2022-08-18 11:43:38'),
(6894, '789456123078', 14, 49, 'Final Rating', '7', 'FAILED', '2022-08-18 11:42:17', '2022-08-18 11:43:38'),
(6895, '789456123078', 15, 70, 'Final Rating', '7', 'FAILED', '2022-08-18 11:42:17', '2022-08-18 11:43:38'),
(6896, '789456123078', 1, 74, 'Final Rating', '8', 'FAILED', '2022-08-18 11:42:17', '2022-08-18 11:43:38'),
(6897, '789456123078', 2, 31, 'Final Rating', '8', 'FAILED', '2022-08-18 11:42:17', '2022-08-18 11:43:38'),
(6898, '789456123078', 3, 72, 'Final Rating', '8', 'FAILED', '2022-08-18 11:42:17', '2022-08-18 11:43:38'),
(6899, '789456123078', 4, 54, 'Final Rating', '8', 'FAILED', '2022-08-18 11:42:17', '2022-08-18 11:43:38'),
(6900, '789456123078', 5, 38, 'Final Rating', '8', 'FAILED', '2022-08-18 11:42:17', '2022-08-18 11:43:38'),
(6901, '789456123078', 6, 41, 'Final Rating', '8', 'FAILED', '2022-08-18 11:42:17', '2022-08-18 11:43:38'),
(6902, '789456123078', 7, 44, 'Final Rating', '8', 'FAILED', '2022-08-18 11:42:17', '2022-08-18 11:43:38'),
(6903, '789456123078', 8, 44, 'Final Rating', '8', 'FAILED', '2022-08-18 11:42:17', '2022-08-18 11:43:38'),
(6904, '789456123078', 9, 55, 'Final Rating', '8', 'FAILED', '2022-08-18 11:42:17', '2022-08-18 11:43:38'),
(6905, '789456123078', 10, 30, 'Final Rating', '8', 'FAILED', '2022-08-18 11:42:17', '2022-08-18 11:43:38'),
(6906, '789456123078', 11, 50, 'Final Rating', '8', 'FAILED', '2022-08-18 11:42:17', '2022-08-18 11:43:38'),
(6907, '789456123078', 12, 40, 'Final Rating', '8', 'FAILED', '2022-08-18 11:42:17', '2022-08-18 11:43:38'),
(6908, '789456123078', 13, 72, 'Final Rating', '8', 'FAILED', '2022-08-18 11:42:17', '2022-08-18 11:43:38'),
(6909, '789456123078', 14, 35, 'Final Rating', '8', 'FAILED', '2022-08-18 11:42:17', '2022-08-18 11:43:38'),
(6910, '789456123078', 15, 32, 'Final Rating', '8', 'FAILED', '2022-08-18 11:42:17', '2022-08-18 11:43:38'),
(6911, '789456123078', 6, 52, 'Final Rating', '6', 'FAILED', '2022-08-18 11:42:44', '2022-08-18 11:43:38');

-- --------------------------------------------------------

--
-- Table structure for table `student_general_averages`
--

CREATE TABLE `student_general_averages` (
  `id` int(11) NOT NULL,
  `lrn` varchar(50) NOT NULL,
  `general_average` int(50) NOT NULL,
  `term` varchar(50) NOT NULL,
  `phase` varchar(11) NOT NULL,
  `remarks` varchar(50) NOT NULL,
  `date_time_created` datetime NOT NULL,
  `date_time_updated` datetime NOT NULL
) ENGINE=InnoDB DEFAULT CHARSET=utf8mb4;

--
-- Dumping data for table `student_general_averages`
--

INSERT INTO `student_general_averages` (`id`, `lrn`, `general_average`, `term`, `phase`, `remarks`, `date_time_created`, `date_time_updated`) VALUES
(2153, '789456123078', 54, '1', '1', 'FAILED', '2022-08-18 11:42:17', '2022-08-18 11:43:38'),
(2154, '789456123078', 47, '2', '1', 'FAILED', '2022-08-18 11:42:17', '2022-08-18 11:43:38'),
(2155, '789456123078', 61, '3', '1', 'FAILED', '2022-08-18 11:42:17', '2022-08-18 11:43:38'),
(2156, '789456123078', 47, '4', '1', 'FAILED', '2022-08-18 11:42:17', '2022-08-18 11:43:38'),
(2157, '789456123078', 52, 'Final Rating', '1', 'none', '2022-08-18 11:42:17', '2022-08-18 11:43:38'),
(2158, '789456123078', 50, '1', '2', 'FAILED', '2022-08-18 11:42:17', '2022-08-18 11:43:38'),
(2159, '789456123078', 44, '2', '2', 'FAILED', '2022-08-18 11:42:17', '2022-08-18 11:43:38'),
(2160, '789456123078', 43, '3', '2', 'FAILED', '2022-08-18 11:42:17', '2022-08-18 11:43:38'),
(2161, '789456123078', 37, '4', '2', 'FAILED', '2022-08-18 11:42:17', '2022-08-18 11:43:38'),
(2162, '789456123078', 43, 'Final Rating', '2', 'none', '2022-08-18 11:42:17', '2022-08-18 11:43:38'),
(2163, '789456123078', 45, '1', '3', 'FAILED', '2022-08-18 11:42:17', '2022-08-18 11:43:38'),
(2164, '789456123078', 41, '2', '3', 'FAILED', '2022-08-18 11:42:17', '2022-08-18 11:43:38'),
(2165, '789456123078', 51, '3', '3', 'FAILED', '2022-08-18 11:42:17', '2022-08-18 11:43:38'),
(2166, '789456123078', 54, '4', '3', 'FAILED', '2022-08-18 11:42:17', '2022-08-18 11:43:38'),
(2167, '789456123078', 48, 'Final Rating', '3', 'none', '2022-08-18 11:42:17', '2022-08-18 11:43:38'),
(2168, '789456123078', 49, '1', '4', 'FAILED', '2022-08-18 11:42:17', '2022-08-18 11:43:38'),
(2169, '789456123078', 60, '2', '4', 'FAILED', '2022-08-18 11:42:17', '2022-08-18 11:43:38'),
(2170, '789456123078', 50, '3', '4', 'FAILED', '2022-08-18 11:42:17', '2022-08-18 11:43:38'),
(2171, '789456123078', 53, '4', '4', 'FAILED', '2022-08-18 11:42:17', '2022-08-18 11:43:38'),
(2172, '789456123078', 53, 'Final Rating', '4', 'none', '2022-08-18 11:42:17', '2022-08-18 11:43:38'),
(2173, '789456123078', 57, '1', '5', 'FAILED', '2022-08-18 11:42:17', '2022-08-18 11:43:38'),
(2174, '789456123078', 48, '2', '5', 'FAILED', '2022-08-18 11:42:17', '2022-08-18 11:43:38'),
(2175, '789456123078', 54, '3', '5', 'FAILED', '2022-08-18 11:42:17', '2022-08-18 11:43:38'),
(2176, '789456123078', 57, '4', '5', 'FAILED', '2022-08-18 11:42:17', '2022-08-18 11:43:38'),
(2177, '789456123078', 54, 'Final Rating', '5', 'none', '2022-08-18 11:42:17', '2022-08-18 11:43:38'),
(2178, '789456123078', 31, '1', '6', 'FAILED', '2022-08-18 11:42:17', '2022-08-18 11:43:38'),
(2179, '789456123078', 46, '2', '6', 'FAILED', '2022-08-18 11:42:17', '2022-08-18 11:43:38'),
(2180, '789456123078', 46, '3', '6', 'FAILED', '2022-08-18 11:42:17', '2022-08-18 11:43:38'),
(2181, '789456123078', 58, '4', '6', 'FAILED', '2022-08-18 11:42:17', '2022-08-18 11:43:38'),
(2182, '789456123078', 45, 'Final Rating', '6', 'none', '2022-08-18 11:42:17', '2022-08-18 11:43:38'),
(2183, '789456123078', 56, '1', '7', 'FAILED', '2022-08-18 11:42:17', '2022-08-18 11:43:38'),
(2184, '789456123078', 58, '2', '7', 'FAILED', '2022-08-18 11:42:17', '2022-08-18 11:43:38'),
(2185, '789456123078', 48, '3', '7', 'FAILED', '2022-08-18 11:42:17', '2022-08-18 11:43:38'),
(2186, '789456123078', 44, '4', '7', 'FAILED', '2022-08-18 11:42:17', '2022-08-18 11:43:38'),
(2187, '789456123078', 51, 'Final Rating', '7', 'none', '2022-08-18 11:42:17', '2022-08-18 11:43:38'),
(2188, '789456123078', 48, '1', '8', 'FAILED', '2022-08-18 11:42:17', '2022-08-18 11:43:38'),
(2189, '789456123078', 53, '2', '8', 'FAILED', '2022-08-18 11:42:17', '2022-08-18 11:43:38'),
(2190, '789456123078', 47, '3', '8', 'FAILED', '2022-08-18 11:42:17', '2022-08-18 11:43:38'),
(2191, '789456123078', 41, '4', '8', 'FAILED', '2022-08-18 11:42:17', '2022-08-18 11:43:38'),
(2192, '789456123078', 47, 'Final Rating', '8', 'none', '2022-08-18 11:42:17', '2022-08-18 11:43:38');

-- --------------------------------------------------------

--
-- Table structure for table `student_grades`
--

CREATE TABLE `student_grades` (
  `id` int(11) NOT NULL,
  `lrn` varchar(50) NOT NULL,
  `subject_id` int(11) NOT NULL,
  `grade` int(50) NOT NULL,
  `term` varchar(50) NOT NULL,
  `phase` varchar(11) NOT NULL,
  `remarks` varchar(50) NOT NULL,
  `date_time_created` datetime NOT NULL,
  `date_time_updated` datetime NOT NULL
) ENGINE=InnoDB DEFAULT CHARSET=utf8mb4;

--
-- Dumping data for table `student_grades`
--

INSERT INTO `student_grades` (`id`, `lrn`, `subject_id`, `grade`, `term`, `phase`, `remarks`, `date_time_created`, `date_time_updated`) VALUES
(28165, '789456123078', 1, 56, '1', '1', 'none', '2022-08-18 11:42:17', '2022-08-18 11:43:38'),
(28166, '789456123078', 2, 48, '1', '1', 'none', '2022-08-18 11:42:17', '2022-08-18 11:43:38'),
(28167, '789456123078', 3, 24, '1', '1', 'none', '2022-08-18 11:42:17', '2022-08-18 11:43:38'),
(28168, '789456123078', 4, 92, '1', '1', 'none', '2022-08-18 11:42:17', '2022-08-18 11:43:38'),
(28169, '789456123078', 5, 50, '1', '1', 'none', '2022-08-18 11:42:17', '2022-08-18 11:43:38'),
(28170, '789456123078', 6, 53, '1', '1', 'none', '2022-08-18 11:42:17', '2022-08-18 11:43:38'),
(28171, '789456123078', 7, 62, '1', '1', 'none', '2022-08-18 11:42:17', '2022-08-18 11:43:38'),
(28172, '789456123078', 8, 51, '1', '1', 'none', '2022-08-18 11:42:17', '2022-08-18 11:43:38'),
(28173, '789456123078', 9, 22, '1', '1', 'none', '2022-08-18 11:42:17', '2022-08-18 11:43:38'),
(28174, '789456123078', 10, 74, '1', '1', 'none', '2022-08-18 11:42:17', '2022-08-18 11:43:38'),
(28175, '789456123078', 11, 59, '1', '1', 'none', '2022-08-18 11:42:17', '2022-08-18 11:43:38'),
(28176, '789456123078', 12, 48, '1', '1', 'none', '2022-08-18 11:42:17', '2022-08-18 11:43:38'),
(28177, '789456123078', 13, 70, '1', '1', 'none', '2022-08-18 11:42:17', '2022-08-18 11:43:38'),
(28178, '789456123078', 14, 25, '1', '1', 'none', '2022-08-18 11:42:17', '2022-08-18 11:43:38'),
(28179, '789456123078', 15, 72, '1', '1', 'none', '2022-08-18 11:42:17', '2022-08-18 11:43:38'),
(28180, '789456123078', 1, 42, '2', '1', 'none', '2022-08-18 11:42:17', '2022-08-18 11:43:38'),
(28181, '789456123078', 2, 46, '2', '1', 'none', '2022-08-18 11:42:17', '2022-08-18 11:43:38'),
(28182, '789456123078', 3, 61, '2', '1', 'none', '2022-08-18 11:42:17', '2022-08-18 11:43:38'),
(28183, '789456123078', 4, 13, '2', '1', 'none', '2022-08-18 11:42:17', '2022-08-18 11:43:38'),
(28184, '789456123078', 5, 28, '2', '1', 'none', '2022-08-18 11:42:17', '2022-08-18 11:43:38'),
(28185, '789456123078', 6, 82, '2', '1', 'none', '2022-08-18 11:42:17', '2022-08-18 11:43:38'),
(28186, '789456123078', 7, 60, '2', '1', 'none', '2022-08-18 11:42:17', '2022-08-18 11:43:38'),
(28187, '789456123078', 8, 51, '2', '1', 'none', '2022-08-18 11:42:17', '2022-08-18 11:43:38'),
(28188, '789456123078', 9, 58, '2', '1', 'none', '2022-08-18 11:42:17', '2022-08-18 11:43:38'),
(28189, '789456123078', 10, 14, '2', '1', 'none', '2022-08-18 11:42:17', '2022-08-18 11:43:38'),
(28190, '789456123078', 11, 57, '2', '1', 'none', '2022-08-18 11:42:17', '2022-08-18 11:43:38'),
(28191, '789456123078', 12, 75, '2', '1', 'none', '2022-08-18 11:42:17', '2022-08-18 11:43:38'),
(28192, '789456123078', 13, 67, '2', '1', 'none', '2022-08-18 11:42:17', '2022-08-18 11:43:38'),
(28193, '789456123078', 14, 41, '2', '1', 'none', '2022-08-18 11:42:17', '2022-08-18 11:43:38'),
(28194, '789456123078', 15, 6, '2', '1', 'none', '2022-08-18 11:42:17', '2022-08-18 11:43:38'),
(28195, '789456123078', 1, 77, '3', '1', 'none', '2022-08-18 11:42:17', '2022-08-18 11:43:38'),
(28196, '789456123078', 2, 39, '3', '1', 'none', '2022-08-18 11:42:17', '2022-08-18 11:43:38'),
(28197, '789456123078', 3, 28, '3', '1', 'none', '2022-08-18 11:42:17', '2022-08-18 11:43:38'),
(28198, '789456123078', 4, 5, '3', '1', 'none', '2022-08-18 11:42:17', '2022-08-18 11:43:38'),
(28199, '789456123078', 5, 33, '3', '1', 'none', '2022-08-18 11:42:17', '2022-08-18 11:43:38'),
(28200, '789456123078', 6, 71, '3', '1', 'none', '2022-08-18 11:42:17', '2022-08-18 11:43:38'),
(28201, '789456123078', 7, 92, '3', '1', 'none', '2022-08-18 11:42:17', '2022-08-18 11:43:38'),
(28202, '789456123078', 8, 75, '3', '1', 'none', '2022-08-18 11:42:17', '2022-08-18 11:43:38'),
(28203, '789456123078', 9, 52, '3', '1', 'none', '2022-08-18 11:42:17', '2022-08-18 11:43:38'),
(28204, '789456123078', 10, 86, '3', '1', 'none', '2022-08-18 11:42:17', '2022-08-18 11:43:38'),
(28205, '789456123078', 11, 70, '3', '1', 'none', '2022-08-18 11:42:17', '2022-08-18 11:43:38'),
(28206, '789456123078', 12, 93, '3', '1', 'none', '2022-08-18 11:42:17', '2022-08-18 11:43:38'),
(28207, '789456123078', 13, 97, '3', '1', 'none', '2022-08-18 11:42:17', '2022-08-18 11:43:38'),
(28208, '789456123078', 14, 76, '3', '1', 'none', '2022-08-18 11:42:17', '2022-08-18 11:43:38'),
(28209, '789456123078', 15, 15, '3', '1', 'none', '2022-08-18 11:42:17', '2022-08-18 11:43:38'),
(28210, '789456123078', 1, 27, '4', '1', 'none', '2022-08-18 11:42:17', '2022-08-18 11:43:38'),
(28211, '789456123078', 2, 84, '4', '1', 'none', '2022-08-18 11:42:17', '2022-08-18 11:43:38'),
(28212, '789456123078', 3, 1, '4', '1', 'none', '2022-08-18 11:42:17', '2022-08-18 11:43:38'),
(28213, '789456123078', 4, 14, '4', '1', 'none', '2022-08-18 11:42:17', '2022-08-18 11:43:38'),
(28214, '789456123078', 5, 32, '4', '1', 'none', '2022-08-18 11:42:17', '2022-08-18 11:43:38'),
(28215, '789456123078', 6, 10, '4', '1', 'none', '2022-08-18 11:42:17', '2022-08-18 11:43:38'),
(28216, '789456123078', 7, 40, '4', '1', 'none', '2022-08-18 11:42:17', '2022-08-18 11:43:38'),
(28217, '789456123078', 8, 69, '4', '1', 'none', '2022-08-18 11:42:17', '2022-08-18 11:43:38'),
(28218, '789456123078', 9, 73, '4', '1', 'none', '2022-08-18 11:42:17', '2022-08-18 11:43:38'),
(28219, '789456123078', 10, 72, '4', '1', 'none', '2022-08-18 11:42:17', '2022-08-18 11:43:38'),
(28220, '789456123078', 11, 57, '4', '1', 'none', '2022-08-18 11:42:17', '2022-08-18 11:43:38'),
(28221, '789456123078', 12, 74, '4', '1', 'none', '2022-08-18 11:42:17', '2022-08-18 11:43:38'),
(28222, '789456123078', 13, 5, '4', '1', 'none', '2022-08-18 11:42:17', '2022-08-18 11:43:38'),
(28223, '789456123078', 14, 87, '4', '1', 'none', '2022-08-18 11:42:17', '2022-08-18 11:43:38'),
(28224, '789456123078', 15, 63, '4', '1', 'none', '2022-08-18 11:42:17', '2022-08-18 11:43:38'),
(28225, '789456123078', 1, 69, '1', '2', 'none', '2022-08-18 11:42:17', '2022-08-18 11:43:38'),
(28226, '789456123078', 2, 26, '1', '2', 'none', '2022-08-18 11:42:17', '2022-08-18 11:43:38'),
(28227, '789456123078', 3, 76, '1', '2', 'none', '2022-08-18 11:42:17', '2022-08-18 11:43:38'),
(28228, '789456123078', 4, 94, '1', '2', 'none', '2022-08-18 11:42:17', '2022-08-18 11:43:38'),
(28229, '789456123078', 5, 21, '1', '2', 'none', '2022-08-18 11:42:17', '2022-08-18 11:43:38'),
(28230, '789456123078', 6, 84, '1', '2', 'none', '2022-08-18 11:42:17', '2022-08-18 11:43:38'),
(28231, '789456123078', 7, 52, '1', '2', 'none', '2022-08-18 11:42:17', '2022-08-18 11:43:38'),
(28232, '789456123078', 8, 37, '1', '2', 'none', '2022-08-18 11:42:17', '2022-08-18 11:43:38'),
(28233, '789456123078', 9, 13, '1', '2', 'none', '2022-08-18 11:42:17', '2022-08-18 11:43:38'),
(28234, '789456123078', 10, 41, '1', '2', 'none', '2022-08-18 11:42:17', '2022-08-18 11:43:38'),
(28235, '789456123078', 11, 87, '1', '2', 'none', '2022-08-18 11:42:17', '2022-08-18 11:43:38'),
(28236, '789456123078', 12, 5, '1', '2', 'none', '2022-08-18 11:42:17', '2022-08-18 11:43:38'),
(28237, '789456123078', 13, 46, '1', '2', 'none', '2022-08-18 11:42:17', '2022-08-18 11:43:38'),
(28238, '789456123078', 14, 25, '1', '2', 'none', '2022-08-18 11:42:17', '2022-08-18 11:43:38'),
(28239, '789456123078', 15, 76, '1', '2', 'none', '2022-08-18 11:42:17', '2022-08-18 11:43:38'),
(28240, '789456123078', 1, 74, '2', '2', 'none', '2022-08-18 11:42:17', '2022-08-18 11:43:38'),
(28241, '789456123078', 2, 52, '2', '2', 'none', '2022-08-18 11:42:17', '2022-08-18 11:43:38'),
(28242, '789456123078', 3, 92, '2', '2', 'none', '2022-08-18 11:42:17', '2022-08-18 11:43:38'),
(28243, '789456123078', 4, 32, '2', '2', 'none', '2022-08-18 11:42:17', '2022-08-18 11:43:38'),
(28244, '789456123078', 5, 100, '2', '2', 'none', '2022-08-18 11:42:17', '2022-08-18 11:43:38'),
(28245, '789456123078', 6, 2, '2', '2', 'none', '2022-08-18 11:42:17', '2022-08-18 11:43:38'),
(28246, '789456123078', 7, 9, '2', '2', 'none', '2022-08-18 11:42:17', '2022-08-18 11:43:38'),
(28247, '789456123078', 8, 38, '2', '2', 'none', '2022-08-18 11:42:17', '2022-08-18 11:43:38'),
(28248, '789456123078', 9, 72, '2', '2', 'none', '2022-08-18 11:42:17', '2022-08-18 11:43:38'),
(28249, '789456123078', 10, 5, '2', '2', 'none', '2022-08-18 11:42:17', '2022-08-18 11:43:38'),
(28250, '789456123078', 11, 34, '2', '2', 'none', '2022-08-18 11:42:17', '2022-08-18 11:43:38'),
(28251, '789456123078', 12, 40, '2', '2', 'none', '2022-08-18 11:42:17', '2022-08-18 11:43:38'),
(28252, '789456123078', 13, 24, '2', '2', 'none', '2022-08-18 11:42:17', '2022-08-18 11:43:38'),
(28253, '789456123078', 14, 33, '2', '2', 'none', '2022-08-18 11:42:17', '2022-08-18 11:43:38'),
(28254, '789456123078', 15, 46, '2', '2', 'none', '2022-08-18 11:42:17', '2022-08-18 11:43:38'),
(28255, '789456123078', 1, 36, '3', '2', 'none', '2022-08-18 11:42:17', '2022-08-18 11:43:38'),
(28256, '789456123078', 2, 48, '3', '2', 'none', '2022-08-18 11:42:17', '2022-08-18 11:43:38'),
(28257, '789456123078', 3, 41, '3', '2', 'none', '2022-08-18 11:42:17', '2022-08-18 11:43:38'),
(28258, '789456123078', 4, 89, '3', '2', 'none', '2022-08-18 11:42:17', '2022-08-18 11:43:38'),
(28259, '789456123078', 5, 20, '3', '2', 'none', '2022-08-18 11:42:17', '2022-08-18 11:43:38'),
(28260, '789456123078', 6, 35, '3', '2', 'none', '2022-08-18 11:42:17', '2022-08-18 11:43:38'),
(28261, '789456123078', 7, 7, '3', '2', 'none', '2022-08-18 11:42:17', '2022-08-18 11:43:38'),
(28262, '789456123078', 8, 40, '3', '2', 'none', '2022-08-18 11:42:17', '2022-08-18 11:43:38'),
(28263, '789456123078', 9, 78, '3', '2', 'none', '2022-08-18 11:42:17', '2022-08-18 11:43:38'),
(28264, '789456123078', 10, 13, '3', '2', 'none', '2022-08-18 11:42:17', '2022-08-18 11:43:38'),
(28265, '789456123078', 11, 5, '3', '2', 'none', '2022-08-18 11:42:17', '2022-08-18 11:43:38'),
(28266, '789456123078', 12, 64, '3', '2', 'none', '2022-08-18 11:42:17', '2022-08-18 11:43:38'),
(28267, '789456123078', 13, 11, '3', '2', 'none', '2022-08-18 11:42:17', '2022-08-18 11:43:38'),
(28268, '789456123078', 14, 64, '3', '2', 'none', '2022-08-18 11:42:17', '2022-08-18 11:43:38'),
(28269, '789456123078', 15, 87, '3', '2', 'none', '2022-08-18 11:42:17', '2022-08-18 11:43:38'),
(28270, '789456123078', 1, 14, '4', '2', 'none', '2022-08-18 11:42:17', '2022-08-18 11:43:38'),
(28271, '789456123078', 2, 13, '4', '2', 'none', '2022-08-18 11:42:17', '2022-08-18 11:43:38'),
(28272, '789456123078', 3, 88, '4', '2', 'none', '2022-08-18 11:42:17', '2022-08-18 11:43:38'),
(28273, '789456123078', 4, 2, '4', '2', 'none', '2022-08-18 11:42:17', '2022-08-18 11:43:38'),
(28274, '789456123078', 5, 84, '4', '2', 'none', '2022-08-18 11:42:17', '2022-08-18 11:43:38'),
(28275, '789456123078', 6, 72, '4', '2', 'none', '2022-08-18 11:42:17', '2022-08-18 11:43:38'),
(28276, '789456123078', 7, 5, '4', '2', 'none', '2022-08-18 11:42:17', '2022-08-18 11:43:38'),
(28277, '789456123078', 8, 42, '4', '2', 'none', '2022-08-18 11:42:17', '2022-08-18 11:43:38'),
(28278, '789456123078', 9, 88, '4', '2', 'none', '2022-08-18 11:42:17', '2022-08-18 11:43:38'),
(28279, '789456123078', 10, 18, '4', '2', 'none', '2022-08-18 11:42:17', '2022-08-18 11:43:38'),
(28280, '789456123078', 11, 34, '4', '2', 'none', '2022-08-18 11:42:17', '2022-08-18 11:43:38'),
(28281, '789456123078', 12, 28, '4', '2', 'none', '2022-08-18 11:42:17', '2022-08-18 11:43:38'),
(28282, '789456123078', 13, 4, '4', '2', 'none', '2022-08-18 11:42:17', '2022-08-18 11:43:38'),
(28283, '789456123078', 14, 18, '4', '2', 'none', '2022-08-18 11:42:17', '2022-08-18 11:43:38'),
(28284, '789456123078', 15, 40, '4', '2', 'none', '2022-08-18 11:42:17', '2022-08-18 11:43:38'),
(28285, '789456123078', 1, 7, '1', '3', 'none', '2022-08-18 11:42:17', '2022-08-18 11:43:38'),
(28286, '789456123078', 2, 8, '1', '3', 'none', '2022-08-18 11:42:17', '2022-08-18 11:43:38'),
(28287, '789456123078', 3, 83, '1', '3', 'none', '2022-08-18 11:42:17', '2022-08-18 11:43:38'),
(28288, '789456123078', 4, 8, '1', '3', 'none', '2022-08-18 11:42:17', '2022-08-18 11:43:38'),
(28289, '789456123078', 5, 72, '1', '3', 'none', '2022-08-18 11:42:17', '2022-08-18 11:43:38'),
(28290, '789456123078', 6, 40, '1', '3', 'none', '2022-08-18 11:42:17', '2022-08-18 11:43:38'),
(28291, '789456123078', 7, 22, '1', '3', 'none', '2022-08-18 11:42:17', '2022-08-18 11:43:38'),
(28292, '789456123078', 8, 63, '1', '3', 'none', '2022-08-18 11:42:17', '2022-08-18 11:43:38'),
(28293, '789456123078', 9, 92, '1', '3', 'none', '2022-08-18 11:42:17', '2022-08-18 11:43:38'),
(28294, '789456123078', 10, 73, '1', '3', 'none', '2022-08-18 11:42:17', '2022-08-18 11:43:38'),
(28295, '789456123078', 11, 57, '1', '3', 'none', '2022-08-18 11:42:17', '2022-08-18 11:43:38'),
(28296, '789456123078', 12, 30, '1', '3', 'none', '2022-08-18 11:42:17', '2022-08-18 11:43:38'),
(28297, '789456123078', 13, 34, '1', '3', 'none', '2022-08-18 11:42:17', '2022-08-18 11:43:38'),
(28298, '789456123078', 14, 16, '1', '3', 'none', '2022-08-18 11:42:17', '2022-08-18 11:43:38'),
(28299, '789456123078', 15, 68, '1', '3', 'none', '2022-08-18 11:42:17', '2022-08-18 11:43:38'),
(28300, '789456123078', 1, 74, '2', '3', 'none', '2022-08-18 11:42:17', '2022-08-18 11:43:38'),
(28301, '789456123078', 2, 31, '2', '3', 'none', '2022-08-18 11:42:17', '2022-08-18 11:43:38'),
(28302, '789456123078', 3, 23, '2', '3', 'none', '2022-08-18 11:42:17', '2022-08-18 11:43:38'),
(28303, '789456123078', 4, 30, '2', '3', 'none', '2022-08-18 11:42:17', '2022-08-18 11:43:38'),
(28304, '789456123078', 5, 10, '2', '3', 'none', '2022-08-18 11:42:17', '2022-08-18 11:43:38'),
(28305, '789456123078', 6, 61, '2', '3', 'none', '2022-08-18 11:42:17', '2022-08-18 11:43:38'),
(28306, '789456123078', 7, 50, '2', '3', 'none', '2022-08-18 11:42:17', '2022-08-18 11:43:38'),
(28307, '789456123078', 8, 33, '2', '3', 'none', '2022-08-18 11:42:17', '2022-08-18 11:43:38'),
(28308, '789456123078', 9, 69, '2', '3', 'none', '2022-08-18 11:42:17', '2022-08-18 11:43:38'),
(28309, '789456123078', 10, 20, '2', '3', 'none', '2022-08-18 11:42:17', '2022-08-18 11:43:38'),
(28310, '789456123078', 11, 18, '2', '3', 'none', '2022-08-18 11:42:17', '2022-08-18 11:43:38'),
(28311, '789456123078', 12, 24, '2', '3', 'none', '2022-08-18 11:42:17', '2022-08-18 11:43:38'),
(28312, '789456123078', 13, 69, '2', '3', 'none', '2022-08-18 11:42:17', '2022-08-18 11:43:38'),
(28313, '789456123078', 14, 79, '2', '3', 'none', '2022-08-18 11:42:17', '2022-08-18 11:43:38'),
(28314, '789456123078', 15, 22, '2', '3', 'none', '2022-08-18 11:42:17', '2022-08-18 11:43:38'),
(28315, '789456123078', 1, 9, '3', '3', 'none', '2022-08-18 11:42:17', '2022-08-18 11:43:38'),
(28316, '789456123078', 2, 56, '3', '3', 'none', '2022-08-18 11:42:17', '2022-08-18 11:43:38'),
(28317, '789456123078', 3, 42, '3', '3', 'none', '2022-08-18 11:42:17', '2022-08-18 11:43:38'),
(28318, '789456123078', 4, 59, '3', '3', 'none', '2022-08-18 11:42:17', '2022-08-18 11:43:38'),
(28319, '789456123078', 5, 58, '3', '3', 'none', '2022-08-18 11:42:17', '2022-08-18 11:43:38'),
(28320, '789456123078', 6, 100, '3', '3', 'none', '2022-08-18 11:42:17', '2022-08-18 11:43:38'),
(28321, '789456123078', 7, 65, '3', '3', 'none', '2022-08-18 11:42:17', '2022-08-18 11:43:38'),
(28322, '789456123078', 8, 50, '3', '3', 'none', '2022-08-18 11:42:17', '2022-08-18 11:43:38'),
(28323, '789456123078', 9, 66, '3', '3', 'none', '2022-08-18 11:42:17', '2022-08-18 11:43:38'),
(28324, '789456123078', 10, 35, '3', '3', 'none', '2022-08-18 11:42:17', '2022-08-18 11:43:38'),
(28325, '789456123078', 11, 18, '3', '3', 'none', '2022-08-18 11:42:17', '2022-08-18 11:43:38'),
(28326, '789456123078', 12, 80, '3', '3', 'none', '2022-08-18 11:42:17', '2022-08-18 11:43:38'),
(28327, '789456123078', 13, 28, '3', '3', 'none', '2022-08-18 11:42:17', '2022-08-18 11:43:38'),
(28328, '789456123078', 14, 94, '3', '3', 'none', '2022-08-18 11:42:17', '2022-08-18 11:43:38'),
(28329, '789456123078', 15, 6, '3', '3', 'none', '2022-08-18 11:42:17', '2022-08-18 11:43:38'),
(28330, '789456123078', 1, 100, '4', '3', 'none', '2022-08-18 11:42:17', '2022-08-18 11:43:38'),
(28331, '789456123078', 2, 75, '4', '3', 'none', '2022-08-18 11:42:17', '2022-08-18 11:43:38'),
(28332, '789456123078', 3, 47, '4', '3', 'none', '2022-08-18 11:42:17', '2022-08-18 11:43:38'),
(28333, '789456123078', 4, 20, '4', '3', 'none', '2022-08-18 11:42:17', '2022-08-18 11:43:38'),
(28334, '789456123078', 5, 35, '4', '3', 'none', '2022-08-18 11:42:17', '2022-08-18 11:43:38'),
(28335, '789456123078', 6, 23, '4', '3', 'none', '2022-08-18 11:42:17', '2022-08-18 11:43:38'),
(28336, '789456123078', 7, 96, '4', '3', 'none', '2022-08-18 11:42:17', '2022-08-18 11:43:38'),
(28337, '789456123078', 8, 41, '4', '3', 'none', '2022-08-18 11:42:17', '2022-08-18 11:43:38'),
(28338, '789456123078', 9, 50, '4', '3', 'none', '2022-08-18 11:42:17', '2022-08-18 11:43:38'),
(28339, '789456123078', 10, 27, '4', '3', 'none', '2022-08-18 11:42:17', '2022-08-18 11:43:38'),
(28340, '789456123078', 11, 18, '4', '3', 'none', '2022-08-18 11:42:17', '2022-08-18 11:43:38'),
(28341, '789456123078', 12, 68, '4', '3', 'none', '2022-08-18 11:42:17', '2022-08-18 11:43:38'),
(28342, '789456123078', 13, 75, '4', '3', 'none', '2022-08-18 11:42:17', '2022-08-18 11:43:38'),
(28343, '789456123078', 14, 92, '4', '3', 'none', '2022-08-18 11:42:17', '2022-08-18 11:43:38'),
(28344, '789456123078', 15, 37, '4', '3', 'none', '2022-08-18 11:42:17', '2022-08-18 11:43:38'),
(28345, '789456123078', 1, 25, '1', '4', 'none', '2022-08-18 11:42:17', '2022-08-18 11:43:38'),
(28346, '789456123078', 2, 19, '1', '4', 'none', '2022-08-18 11:42:17', '2022-08-18 11:43:38'),
(28347, '789456123078', 3, 57, '1', '4', 'none', '2022-08-18 11:42:17', '2022-08-18 11:43:38'),
(28348, '789456123078', 4, 71, '1', '4', 'none', '2022-08-18 11:42:17', '2022-08-18 11:43:38'),
(28349, '789456123078', 5, 77, '1', '4', 'none', '2022-08-18 11:42:17', '2022-08-18 11:43:38'),
(28350, '789456123078', 6, 29, '1', '4', 'none', '2022-08-18 11:42:17', '2022-08-18 11:43:38'),
(28351, '789456123078', 7, 44, '1', '4', 'none', '2022-08-18 11:42:17', '2022-08-18 11:43:38'),
(28352, '789456123078', 8, 55, '1', '4', 'none', '2022-08-18 11:42:17', '2022-08-18 11:43:38'),
(28353, '789456123078', 9, 32, '1', '4', 'none', '2022-08-18 11:42:17', '2022-08-18 11:43:38'),
(28354, '789456123078', 10, 47, '1', '4', 'none', '2022-08-18 11:42:17', '2022-08-18 11:43:38'),
(28355, '789456123078', 11, 56, '1', '4', 'none', '2022-08-18 11:42:17', '2022-08-18 11:43:38'),
(28356, '789456123078', 12, 85, '1', '4', 'none', '2022-08-18 11:42:17', '2022-08-18 11:43:38'),
(28357, '789456123078', 13, 71, '1', '4', 'none', '2022-08-18 11:42:17', '2022-08-18 11:43:38'),
(28358, '789456123078', 14, 12, '1', '4', 'none', '2022-08-18 11:42:17', '2022-08-18 11:43:38'),
(28359, '789456123078', 15, 49, '1', '4', 'none', '2022-08-18 11:42:17', '2022-08-18 11:43:38'),
(28360, '789456123078', 1, 99, '2', '4', 'none', '2022-08-18 11:42:17', '2022-08-18 11:43:38'),
(28361, '789456123078', 2, 27, '2', '4', 'none', '2022-08-18 11:42:17', '2022-08-18 11:43:38'),
(28362, '789456123078', 3, 54, '2', '4', 'none', '2022-08-18 11:42:17', '2022-08-18 11:43:38'),
(28363, '789456123078', 4, 66, '2', '4', 'none', '2022-08-18 11:42:17', '2022-08-18 11:43:38'),
(28364, '789456123078', 5, 20, '2', '4', 'none', '2022-08-18 11:42:17', '2022-08-18 11:43:38'),
(28365, '789456123078', 6, 64, '2', '4', 'none', '2022-08-18 11:42:17', '2022-08-18 11:43:38'),
(28366, '789456123078', 7, 59, '2', '4', 'none', '2022-08-18 11:42:17', '2022-08-18 11:43:38'),
(28367, '789456123078', 8, 67, '2', '4', 'none', '2022-08-18 11:42:17', '2022-08-18 11:43:38'),
(28368, '789456123078', 9, 93, '2', '4', 'none', '2022-08-18 11:42:17', '2022-08-18 11:43:38'),
(28369, '789456123078', 10, 73, '2', '4', 'none', '2022-08-18 11:42:17', '2022-08-18 11:43:38'),
(28370, '789456123078', 11, 27, '2', '4', 'none', '2022-08-18 11:42:17', '2022-08-18 11:43:38'),
(28371, '789456123078', 12, 73, '2', '4', 'none', '2022-08-18 11:42:17', '2022-08-18 11:43:38'),
(28372, '789456123078', 13, 90, '2', '4', 'none', '2022-08-18 11:42:17', '2022-08-18 11:43:38'),
(28373, '789456123078', 14, 21, '2', '4', 'none', '2022-08-18 11:42:17', '2022-08-18 11:43:38'),
(28374, '789456123078', 15, 67, '2', '4', 'none', '2022-08-18 11:42:17', '2022-08-18 11:43:38'),
(28375, '789456123078', 1, 92, '3', '4', 'none', '2022-08-18 11:42:17', '2022-08-18 11:43:38'),
(28376, '789456123078', 2, 45, '3', '4', 'none', '2022-08-18 11:42:17', '2022-08-18 11:43:38'),
(28377, '789456123078', 3, 87, '3', '4', 'none', '2022-08-18 11:42:17', '2022-08-18 11:43:38'),
(28378, '789456123078', 4, 5, '3', '4', 'none', '2022-08-18 11:42:17', '2022-08-18 11:43:38'),
(28379, '789456123078', 5, 57, '3', '4', 'none', '2022-08-18 11:42:17', '2022-08-18 11:43:38'),
(28380, '789456123078', 6, 61, '3', '4', 'none', '2022-08-18 11:42:17', '2022-08-18 11:43:38'),
(28381, '789456123078', 7, 27, '3', '4', 'none', '2022-08-18 11:42:17', '2022-08-18 11:43:38'),
(28382, '789456123078', 8, 45, '3', '4', 'none', '2022-08-18 11:42:17', '2022-08-18 11:43:38'),
(28383, '789456123078', 9, 70, '3', '4', 'none', '2022-08-18 11:42:17', '2022-08-18 11:43:38'),
(28384, '789456123078', 10, 27, '3', '4', 'none', '2022-08-18 11:42:17', '2022-08-18 11:43:38'),
(28385, '789456123078', 11, 30, '3', '4', 'none', '2022-08-18 11:42:17', '2022-08-18 11:43:38'),
(28386, '789456123078', 12, 52, '3', '4', 'none', '2022-08-18 11:42:17', '2022-08-18 11:43:38'),
(28387, '789456123078', 13, 45, '3', '4', 'none', '2022-08-18 11:42:17', '2022-08-18 11:43:38'),
(28388, '789456123078', 14, 68, '3', '4', 'none', '2022-08-18 11:42:17', '2022-08-18 11:43:38'),
(28389, '789456123078', 15, 37, '3', '4', 'none', '2022-08-18 11:42:17', '2022-08-18 11:43:38'),
(28390, '789456123078', 1, 76, '4', '4', 'none', '2022-08-18 11:42:17', '2022-08-18 11:43:38'),
(28391, '789456123078', 2, 72, '4', '4', 'none', '2022-08-18 11:42:17', '2022-08-18 11:43:38'),
(28392, '789456123078', 3, 33, '4', '4', 'none', '2022-08-18 11:42:17', '2022-08-18 11:43:38'),
(28393, '789456123078', 4, 53, '4', '4', 'none', '2022-08-18 11:42:17', '2022-08-18 11:43:38'),
(28394, '789456123078', 5, 95, '4', '4', 'none', '2022-08-18 11:42:17', '2022-08-18 11:43:38'),
(28395, '789456123078', 6, 52, '4', '4', 'none', '2022-08-18 11:42:17', '2022-08-18 11:43:38'),
(28396, '789456123078', 7, 86, '4', '4', 'none', '2022-08-18 11:42:17', '2022-08-18 11:43:38'),
(28397, '789456123078', 8, 38, '4', '4', 'none', '2022-08-18 11:42:17', '2022-08-18 11:43:38'),
(28398, '789456123078', 9, 81, '4', '4', 'none', '2022-08-18 11:42:17', '2022-08-18 11:43:38'),
(28399, '789456123078', 10, 34, '4', '4', 'none', '2022-08-18 11:42:17', '2022-08-18 11:43:38'),
(28400, '789456123078', 11, 27, '4', '4', 'none', '2022-08-18 11:42:17', '2022-08-18 11:43:38'),
(28401, '789456123078', 12, 9, '4', '4', 'none', '2022-08-18 11:42:17', '2022-08-18 11:43:38'),
(28402, '789456123078', 13, 14, '4', '4', 'none', '2022-08-18 11:42:17', '2022-08-18 11:43:38'),
(28403, '789456123078', 14, 90, '4', '4', 'none', '2022-08-18 11:42:17', '2022-08-18 11:43:38'),
(28404, '789456123078', 15, 34, '4', '4', 'none', '2022-08-18 11:42:17', '2022-08-18 11:43:38'),
(28405, '789456123078', 1, 73, '1', '5', 'none', '2022-08-18 11:42:17', '2022-08-18 11:43:38'),
(28406, '789456123078', 2, 92, '1', '5', 'none', '2022-08-18 11:42:17', '2022-08-18 11:43:38'),
(28407, '789456123078', 3, 57, '1', '5', 'none', '2022-08-18 11:42:17', '2022-08-18 11:43:38'),
(28408, '789456123078', 4, 66, '1', '5', 'none', '2022-08-18 11:42:17', '2022-08-18 11:43:38'),
(28409, '789456123078', 5, 74, '1', '5', 'none', '2022-08-18 11:42:17', '2022-08-18 11:43:38'),
(28410, '789456123078', 6, 13, '1', '5', 'none', '2022-08-18 11:42:17', '2022-08-18 11:43:38'),
(28411, '789456123078', 7, 72, '1', '5', 'none', '2022-08-18 11:42:17', '2022-08-18 11:43:38'),
(28412, '789456123078', 8, 48, '1', '5', 'none', '2022-08-18 11:42:17', '2022-08-18 11:43:38'),
(28413, '789456123078', 9, 48, '1', '5', 'none', '2022-08-18 11:42:17', '2022-08-18 11:43:38'),
(28414, '789456123078', 10, 78, '1', '5', 'none', '2022-08-18 11:42:17', '2022-08-18 11:43:38'),
(28415, '789456123078', 11, 48, '1', '5', 'none', '2022-08-18 11:42:17', '2022-08-18 11:43:38'),
(28416, '789456123078', 12, 19, '1', '5', 'none', '2022-08-18 11:42:17', '2022-08-18 11:43:38'),
(28417, '789456123078', 13, 96, '1', '5', 'none', '2022-08-18 11:42:17', '2022-08-18 11:43:38'),
(28418, '789456123078', 14, 55, '1', '5', 'none', '2022-08-18 11:42:17', '2022-08-18 11:43:38'),
(28419, '789456123078', 15, 16, '1', '5', 'none', '2022-08-18 11:42:17', '2022-08-18 11:43:38'),
(28420, '789456123078', 1, 68, '2', '5', 'none', '2022-08-18 11:42:17', '2022-08-18 11:43:38'),
(28421, '789456123078', 2, 36, '2', '5', 'none', '2022-08-18 11:42:17', '2022-08-18 11:43:38'),
(28422, '789456123078', 3, 93, '2', '5', 'none', '2022-08-18 11:42:17', '2022-08-18 11:43:38'),
(28423, '789456123078', 4, 92, '2', '5', 'none', '2022-08-18 11:42:17', '2022-08-18 11:43:38'),
(28424, '789456123078', 5, 7, '2', '5', 'none', '2022-08-18 11:42:17', '2022-08-18 11:43:38'),
(28425, '789456123078', 6, 61, '2', '5', 'none', '2022-08-18 11:42:17', '2022-08-18 11:43:38'),
(28426, '789456123078', 7, 10, '2', '5', 'none', '2022-08-18 11:42:17', '2022-08-18 11:43:38'),
(28427, '789456123078', 8, 51, '2', '5', 'none', '2022-08-18 11:42:17', '2022-08-18 11:43:38'),
(28428, '789456123078', 9, 43, '2', '5', 'none', '2022-08-18 11:42:17', '2022-08-18 11:43:38'),
(28429, '789456123078', 10, 64, '2', '5', 'none', '2022-08-18 11:42:17', '2022-08-18 11:43:38'),
(28430, '789456123078', 11, 65, '2', '5', 'none', '2022-08-18 11:42:17', '2022-08-18 11:43:38'),
(28431, '789456123078', 12, 30, '2', '5', 'none', '2022-08-18 11:42:17', '2022-08-18 11:43:38'),
(28432, '789456123078', 13, 37, '2', '5', 'none', '2022-08-18 11:42:17', '2022-08-18 11:43:38'),
(28433, '789456123078', 14, 47, '2', '5', 'none', '2022-08-18 11:42:17', '2022-08-18 11:43:38'),
(28434, '789456123078', 15, 21, '2', '5', 'none', '2022-08-18 11:42:17', '2022-08-18 11:43:38'),
(28435, '789456123078', 1, 84, '3', '5', 'none', '2022-08-18 11:42:17', '2022-08-18 11:43:38'),
(28436, '789456123078', 2, 24, '3', '5', 'none', '2022-08-18 11:42:17', '2022-08-18 11:43:38'),
(28437, '789456123078', 3, 12, '3', '5', 'none', '2022-08-18 11:42:17', '2022-08-18 11:43:38'),
(28438, '789456123078', 4, 87, '3', '5', 'none', '2022-08-18 11:42:17', '2022-08-18 11:43:38'),
(28439, '789456123078', 5, 36, '3', '5', 'none', '2022-08-18 11:42:17', '2022-08-18 11:43:38'),
(28440, '789456123078', 6, 90, '3', '5', 'none', '2022-08-18 11:42:17', '2022-08-18 11:43:38'),
(28441, '789456123078', 7, 87, '3', '5', 'none', '2022-08-18 11:42:17', '2022-08-18 11:43:38'),
(28442, '789456123078', 8, 39, '3', '5', 'none', '2022-08-18 11:42:17', '2022-08-18 11:43:38'),
(28443, '789456123078', 9, 24, '3', '5', 'none', '2022-08-18 11:42:17', '2022-08-18 11:43:38'),
(28444, '789456123078', 10, 5, '3', '5', 'none', '2022-08-18 11:42:17', '2022-08-18 11:43:38'),
(28445, '789456123078', 11, 93, '3', '5', 'none', '2022-08-18 11:42:17', '2022-08-18 11:43:38'),
(28446, '789456123078', 12, 33, '3', '5', 'none', '2022-08-18 11:42:17', '2022-08-18 11:43:38'),
(28447, '789456123078', 13, 67, '3', '5', 'none', '2022-08-18 11:42:17', '2022-08-18 11:43:38'),
(28448, '789456123078', 14, 66, '3', '5', 'none', '2022-08-18 11:42:17', '2022-08-18 11:43:38'),
(28449, '789456123078', 15, 65, '3', '5', 'none', '2022-08-18 11:42:17', '2022-08-18 11:43:38'),
(28450, '789456123078', 1, 49, '4', '5', 'none', '2022-08-18 11:42:17', '2022-08-18 11:43:38'),
(28451, '789456123078', 2, 59, '4', '5', 'none', '2022-08-18 11:42:17', '2022-08-18 11:43:38'),
(28452, '789456123078', 3, 53, '4', '5', 'none', '2022-08-18 11:42:17', '2022-08-18 11:43:38'),
(28453, '789456123078', 4, 93, '4', '5', 'none', '2022-08-18 11:42:17', '2022-08-18 11:43:38'),
(28454, '789456123078', 5, 93, '4', '5', 'none', '2022-08-18 11:42:17', '2022-08-18 11:43:38'),
(28455, '789456123078', 6, 90, '4', '5', 'none', '2022-08-18 11:42:17', '2022-08-18 11:43:38'),
(28456, '789456123078', 7, 6, '4', '5', 'none', '2022-08-18 11:42:17', '2022-08-18 11:43:38'),
(28457, '789456123078', 8, 46, '4', '5', 'none', '2022-08-18 11:42:17', '2022-08-18 11:43:38'),
(28458, '789456123078', 9, 1, '4', '5', 'none', '2022-08-18 11:42:17', '2022-08-18 11:43:38'),
(28459, '789456123078', 10, 72, '4', '5', 'none', '2022-08-18 11:42:17', '2022-08-18 11:43:38'),
(28460, '789456123078', 11, 83, '4', '5', 'none', '2022-08-18 11:42:17', '2022-08-18 11:43:38'),
(28461, '789456123078', 12, 26, '4', '5', 'none', '2022-08-18 11:42:17', '2022-08-18 11:43:38'),
(28462, '789456123078', 13, 74, '4', '5', 'none', '2022-08-18 11:42:17', '2022-08-18 11:43:38'),
(28463, '789456123078', 14, 29, '4', '5', 'none', '2022-08-18 11:42:17', '2022-08-18 11:43:38'),
(28464, '789456123078', 15, 83, '4', '5', 'none', '2022-08-18 11:42:17', '2022-08-18 11:43:38'),
(28465, '789456123078', 1, 13, '1', '6', 'none', '2022-08-18 11:42:17', '2022-08-18 11:43:38'),
(28466, '789456123078', 2, 12, '1', '6', 'none', '2022-08-18 11:42:17', '2022-08-18 11:43:38'),
(28467, '789456123078', 3, 6, '1', '6', 'none', '2022-08-18 11:42:17', '2022-08-18 11:43:38'),
(28468, '789456123078', 4, 91, '1', '6', 'none', '2022-08-18 11:42:17', '2022-08-18 11:43:38'),
(28469, '789456123078', 5, 38, '1', '6', 'none', '2022-08-18 11:42:17', '2022-08-18 11:43:38'),
(28470, '789456123078', 6, 37, '1', '6', 'none', '2022-08-18 11:42:17', '2022-08-18 11:43:38'),
(28471, '789456123078', 7, 41, '1', '6', 'none', '2022-08-18 11:42:17', '2022-08-18 11:43:38'),
(28472, '789456123078', 8, 35, '1', '6', 'none', '2022-08-18 11:42:17', '2022-08-18 11:43:38'),
(28473, '789456123078', 9, 35, '1', '6', 'none', '2022-08-18 11:42:17', '2022-08-18 11:43:38'),
(28474, '789456123078', 10, 89, '1', '6', 'none', '2022-08-18 11:42:17', '2022-08-18 11:43:38'),
(28475, '789456123078', 11, 3, '1', '6', 'none', '2022-08-18 11:42:17', '2022-08-18 11:43:38'),
(28476, '789456123078', 12, 12, '1', '6', 'none', '2022-08-18 11:42:17', '2022-08-18 11:43:38'),
(28477, '789456123078', 13, 28, '1', '6', 'none', '2022-08-18 11:42:17', '2022-08-18 11:43:38'),
(28478, '789456123078', 14, 24, '1', '6', 'none', '2022-08-18 11:42:17', '2022-08-18 11:43:38'),
(28479, '789456123078', 15, 7, '1', '6', 'none', '2022-08-18 11:42:17', '2022-08-18 11:43:38'),
(28480, '789456123078', 1, 54, '2', '6', 'none', '2022-08-18 11:42:17', '2022-08-18 11:43:38'),
(28481, '789456123078', 2, 5, '2', '6', 'none', '2022-08-18 11:42:17', '2022-08-18 11:43:38'),
(28482, '789456123078', 3, 38, '2', '6', 'none', '2022-08-18 11:42:17', '2022-08-18 11:43:38'),
(28483, '789456123078', 4, 50, '2', '6', 'none', '2022-08-18 11:42:17', '2022-08-18 11:43:38'),
(28484, '789456123078', 5, 53, '2', '6', 'none', '2022-08-18 11:42:17', '2022-08-18 11:43:38'),
(28485, '789456123078', 6, 69, '2', '6', 'none', '2022-08-18 11:42:17', '2022-08-18 11:43:38'),
(28486, '789456123078', 7, 20, '2', '6', 'none', '2022-08-18 11:42:17', '2022-08-18 11:43:38'),
(28487, '789456123078', 8, 62, '2', '6', 'none', '2022-08-18 11:42:17', '2022-08-18 11:43:38'),
(28488, '789456123078', 9, 79, '2', '6', 'none', '2022-08-18 11:42:17', '2022-08-18 11:43:38'),
(28489, '789456123078', 10, 10, '2', '6', 'none', '2022-08-18 11:42:17', '2022-08-18 11:43:38'),
(28490, '789456123078', 11, 77, '2', '6', 'none', '2022-08-18 11:42:17', '2022-08-18 11:43:38'),
(28491, '789456123078', 12, 82, '2', '6', 'none', '2022-08-18 11:42:17', '2022-08-18 11:43:38'),
(28492, '789456123078', 13, 28, '2', '6', 'none', '2022-08-18 11:42:17', '2022-08-18 11:43:38'),
(28493, '789456123078', 14, 57, '2', '6', 'none', '2022-08-18 11:42:17', '2022-08-18 11:43:38'),
(28494, '789456123078', 15, 1, '2', '6', 'none', '2022-08-18 11:42:17', '2022-08-18 11:43:38'),
(28495, '789456123078', 1, 37, '3', '6', 'none', '2022-08-18 11:42:17', '2022-08-18 11:43:38'),
(28496, '789456123078', 2, 11, '3', '6', 'none', '2022-08-18 11:42:17', '2022-08-18 11:43:38'),
(28497, '789456123078', 3, 58, '3', '6', 'none', '2022-08-18 11:42:17', '2022-08-18 11:43:38'),
(28498, '789456123078', 4, 71, '3', '6', 'none', '2022-08-18 11:42:17', '2022-08-18 11:43:38'),
(28499, '789456123078', 5, 76, '3', '6', 'none', '2022-08-18 11:42:17', '2022-08-18 11:43:38'),
(28500, '789456123078', 6, 35, '3', '6', 'none', '2022-08-18 11:42:17', '2022-08-18 11:43:38'),
(28501, '789456123078', 7, 6, '3', '6', 'none', '2022-08-18 11:42:17', '2022-08-18 11:43:38'),
(28502, '789456123078', 8, 47, '3', '6', 'none', '2022-08-18 11:42:17', '2022-08-18 11:43:38'),
(28503, '789456123078', 9, 32, '3', '6', 'none', '2022-08-18 11:42:17', '2022-08-18 11:43:38'),
(28504, '789456123078', 10, 75, '3', '6', 'none', '2022-08-18 11:42:17', '2022-08-18 11:43:38'),
(28505, '789456123078', 11, 18, '3', '6', 'none', '2022-08-18 11:42:17', '2022-08-18 11:43:38'),
(28506, '789456123078', 12, 62, '3', '6', 'none', '2022-08-18 11:42:17', '2022-08-18 11:43:38'),
(28507, '789456123078', 13, 58, '3', '6', 'none', '2022-08-18 11:42:17', '2022-08-18 11:43:38'),
(28508, '789456123078', 14, 12, '3', '6', 'none', '2022-08-18 11:42:17', '2022-08-18 11:43:38'),
(28509, '789456123078', 15, 96, '3', '6', 'none', '2022-08-18 11:42:17', '2022-08-18 11:43:38'),
(28510, '789456123078', 1, 76, '4', '6', 'none', '2022-08-18 11:42:17', '2022-08-18 11:43:38'),
(28511, '789456123078', 2, 20, '4', '6', 'none', '2022-08-18 11:42:17', '2022-08-18 11:43:38'),
(28512, '789456123078', 3, 55, '4', '6', 'none', '2022-08-18 11:42:17', '2022-08-18 11:43:38'),
(28513, '789456123078', 4, 56, '4', '6', 'none', '2022-08-18 11:42:17', '2022-08-18 11:43:38'),
(28514, '789456123078', 5, 93, '4', '6', 'none', '2022-08-18 11:42:17', '2022-08-18 11:43:38'),
(28515, '789456123078', 6, 66, '4', '6', 'none', '2022-08-18 11:42:17', '2022-08-18 11:43:38'),
(28516, '789456123078', 7, 31, '4', '6', 'none', '2022-08-18 11:42:17', '2022-08-18 11:43:38'),
(28517, '789456123078', 8, 61, '4', '6', 'none', '2022-08-18 11:42:17', '2022-08-18 11:43:38'),
(28518, '789456123078', 9, 92, '4', '6', 'none', '2022-08-18 11:42:17', '2022-08-18 11:43:38'),
(28519, '789456123078', 10, 5, '4', '6', 'none', '2022-08-18 11:42:17', '2022-08-18 11:43:38'),
(28520, '789456123078', 11, 71, '4', '6', 'none', '2022-08-18 11:42:17', '2022-08-18 11:43:38'),
(28521, '789456123078', 12, 76, '4', '6', 'none', '2022-08-18 11:42:17', '2022-08-18 11:43:38'),
(28522, '789456123078', 13, 16, '4', '6', 'none', '2022-08-18 11:42:17', '2022-08-18 11:43:38'),
(28523, '789456123078', 14, 66, '4', '6', 'none', '2022-08-18 11:42:17', '2022-08-18 11:43:38'),
(28524, '789456123078', 15, 82, '4', '6', 'none', '2022-08-18 11:42:17', '2022-08-18 11:43:38'),
(28525, '789456123078', 1, 25, '1', '7', 'none', '2022-08-18 11:42:17', '2022-08-18 11:43:38'),
(28526, '789456123078', 2, 43, '1', '7', 'none', '2022-08-18 11:42:17', '2022-08-18 11:43:38'),
(28527, '789456123078', 3, 47, '1', '7', 'none', '2022-08-18 11:42:17', '2022-08-18 11:43:38'),
(28528, '789456123078', 4, 55, '1', '7', 'none', '2022-08-18 11:42:17', '2022-08-18 11:43:38'),
(28529, '789456123078', 5, 94, '1', '7', 'none', '2022-08-18 11:42:17', '2022-08-18 11:43:38'),
(28530, '789456123078', 6, 67, '1', '7', 'none', '2022-08-18 11:42:17', '2022-08-18 11:43:38'),
(28531, '789456123078', 7, 72, '1', '7', 'none', '2022-08-18 11:42:17', '2022-08-18 11:43:38'),
(28532, '789456123078', 8, 55, '1', '7', 'none', '2022-08-18 11:42:17', '2022-08-18 11:43:38'),
(28533, '789456123078', 9, 42, '1', '7', 'none', '2022-08-18 11:42:17', '2022-08-18 11:43:38'),
(28534, '789456123078', 10, 66, '1', '7', 'none', '2022-08-18 11:42:17', '2022-08-18 11:43:38'),
(28535, '789456123078', 11, 52, '1', '7', 'none', '2022-08-18 11:42:17', '2022-08-18 11:43:38'),
(28536, '789456123078', 12, 58, '1', '7', 'none', '2022-08-18 11:42:17', '2022-08-18 11:43:38'),
(28537, '789456123078', 13, 12, '1', '7', 'none', '2022-08-18 11:42:17', '2022-08-18 11:43:38'),
(28538, '789456123078', 14, 65, '1', '7', 'none', '2022-08-18 11:42:17', '2022-08-18 11:43:38'),
(28539, '789456123078', 15, 86, '1', '7', 'none', '2022-08-18 11:42:17', '2022-08-18 11:43:38'),
(28540, '789456123078', 1, 51, '2', '7', 'none', '2022-08-18 11:42:17', '2022-08-18 11:43:38'),
(28541, '789456123078', 2, 53, '2', '7', 'none', '2022-08-18 11:42:17', '2022-08-18 11:43:38'),
(28542, '789456123078', 3, 56, '2', '7', 'none', '2022-08-18 11:42:17', '2022-08-18 11:43:38'),
(28543, '789456123078', 4, 41, '2', '7', 'none', '2022-08-18 11:42:17', '2022-08-18 11:43:38'),
(28544, '789456123078', 5, 30, '2', '7', 'none', '2022-08-18 11:42:17', '2022-08-18 11:43:38'),
(28545, '789456123078', 6, 46, '2', '7', 'none', '2022-08-18 11:42:17', '2022-08-18 11:43:38'),
(28546, '789456123078', 7, 1, '2', '7', 'none', '2022-08-18 11:42:17', '2022-08-18 11:43:38'),
(28547, '789456123078', 8, 65, '2', '7', 'none', '2022-08-18 11:42:17', '2022-08-18 11:43:38'),
(28548, '789456123078', 9, 89, '2', '7', 'none', '2022-08-18 11:42:17', '2022-08-18 11:43:38'),
(28549, '789456123078', 10, 38, '2', '7', 'none', '2022-08-18 11:42:17', '2022-08-18 11:43:38'),
(28550, '789456123078', 11, 58, '2', '7', 'none', '2022-08-18 11:42:17', '2022-08-18 11:43:38'),
(28551, '789456123078', 12, 75, '2', '7', 'none', '2022-08-18 11:42:17', '2022-08-18 11:43:38'),
(28552, '789456123078', 13, 69, '2', '7', 'none', '2022-08-18 11:42:17', '2022-08-18 11:43:38'),
(28553, '789456123078', 14, 91, '2', '7', 'none', '2022-08-18 11:42:17', '2022-08-18 11:43:38'),
(28554, '789456123078', 15, 100, '2', '7', 'none', '2022-08-18 11:42:17', '2022-08-18 11:43:38'),
(28555, '789456123078', 1, 73, '3', '7', 'none', '2022-08-18 11:42:17', '2022-08-18 11:43:38'),
(28556, '789456123078', 2, 96, '3', '7', 'none', '2022-08-18 11:42:17', '2022-08-18 11:43:38'),
(28557, '789456123078', 3, 58, '3', '7', 'none', '2022-08-18 11:42:17', '2022-08-18 11:43:38'),
(28558, '789456123078', 4, 65, '3', '7', 'none', '2022-08-18 11:42:17', '2022-08-18 11:43:38'),
(28559, '789456123078', 5, 21, '3', '7', 'none', '2022-08-18 11:42:17', '2022-08-18 11:43:38'),
(28560, '789456123078', 6, 38, '3', '7', 'none', '2022-08-18 11:42:17', '2022-08-18 11:43:38'),
(28561, '789456123078', 7, 22, '3', '7', 'none', '2022-08-18 11:42:17', '2022-08-18 11:43:38'),
(28562, '789456123078', 8, 42, '3', '7', 'none', '2022-08-18 11:42:17', '2022-08-18 11:43:38'),
(28563, '789456123078', 9, 93, '3', '7', 'none', '2022-08-18 11:42:17', '2022-08-18 11:43:38'),
(28564, '789456123078', 10, 57, '3', '7', 'none', '2022-08-18 11:42:17', '2022-08-18 11:43:38'),
(28565, '789456123078', 11, 2, '3', '7', 'none', '2022-08-18 11:42:17', '2022-08-18 11:43:38'),
(28566, '789456123078', 12, 14, '3', '7', 'none', '2022-08-18 11:42:17', '2022-08-18 11:43:38'),
(28567, '789456123078', 13, 23, '3', '7', 'none', '2022-08-18 11:42:17', '2022-08-18 11:43:38'),
(28568, '789456123078', 14, 23, '3', '7', 'none', '2022-08-18 11:42:17', '2022-08-18 11:43:38'),
(28569, '789456123078', 15, 90, '3', '7', 'none', '2022-08-18 11:42:17', '2022-08-18 11:43:38'),
(28570, '789456123078', 1, 10, '4', '7', 'none', '2022-08-18 11:42:17', '2022-08-18 11:43:38'),
(28571, '789456123078', 2, 95, '4', '7', 'none', '2022-08-18 11:42:17', '2022-08-18 11:43:38'),
(28572, '789456123078', 3, 88, '4', '7', 'none', '2022-08-18 11:42:17', '2022-08-18 11:43:38'),
(28573, '789456123078', 4, 5, '4', '7', 'none', '2022-08-18 11:42:17', '2022-08-18 11:43:38'),
(28574, '789456123078', 5, 30, '4', '7', 'none', '2022-08-18 11:42:17', '2022-08-18 11:43:38'),
(28575, '789456123078', 6, 32, '4', '7', 'none', '2022-08-18 11:42:17', '2022-08-18 11:43:38'),
(28576, '789456123078', 7, 25, '4', '7', 'none', '2022-08-18 11:42:17', '2022-08-18 11:43:38'),
(28577, '789456123078', 8, 60, '4', '7', 'none', '2022-08-18 11:42:17', '2022-08-18 11:43:38'),
(28578, '789456123078', 9, 78, '4', '7', 'none', '2022-08-18 11:42:17', '2022-08-18 11:43:38'),
(28579, '789456123078', 10, 16, '4', '7', 'none', '2022-08-18 11:42:17', '2022-08-18 11:43:38'),
(28580, '789456123078', 11, 79, '4', '7', 'none', '2022-08-18 11:42:17', '2022-08-18 11:43:38'),
(28581, '789456123078', 12, 66, '4', '7', 'none', '2022-08-18 11:42:17', '2022-08-18 11:43:38'),
(28582, '789456123078', 13, 47, '4', '7', 'none', '2022-08-18 11:42:17', '2022-08-18 11:43:38'),
(28583, '789456123078', 14, 17, '4', '7', 'none', '2022-08-18 11:42:17', '2022-08-18 11:43:38'),
(28584, '789456123078', 15, 5, '4', '7', 'none', '2022-08-18 11:42:17', '2022-08-18 11:43:38'),
(28585, '789456123078', 1, 85, '1', '8', 'none', '2022-08-18 11:42:17', '2022-08-18 11:43:38'),
(28586, '789456123078', 2, 30, '1', '8', 'none', '2022-08-18 11:42:17', '2022-08-18 11:43:38'),
(28587, '789456123078', 3, 81, '1', '8', 'none', '2022-08-18 11:42:17', '2022-08-18 11:43:38'),
(28588, '789456123078', 4, 85, '1', '8', 'none', '2022-08-18 11:42:17', '2022-08-18 11:43:38'),
(28589, '789456123078', 5, 18, '1', '8', 'none', '2022-08-18 11:42:17', '2022-08-18 11:43:38'),
(28590, '789456123078', 6, 27, '1', '8', 'none', '2022-08-18 11:42:17', '2022-08-18 11:43:38'),
(28591, '789456123078', 7, 54, '1', '8', 'none', '2022-08-18 11:42:17', '2022-08-18 11:43:38'),
(28592, '789456123078', 8, 36, '1', '8', 'none', '2022-08-18 11:42:17', '2022-08-18 11:43:38'),
(28593, '789456123078', 9, 49, '1', '8', 'none', '2022-08-18 11:42:17', '2022-08-18 11:43:38'),
(28594, '789456123078', 10, 24, '1', '8', 'none', '2022-08-18 11:42:17', '2022-08-18 11:43:38'),
(28595, '789456123078', 11, 32, '1', '8', 'none', '2022-08-18 11:42:17', '2022-08-18 11:43:38'),
(28596, '789456123078', 12, 37, '1', '8', 'none', '2022-08-18 11:42:17', '2022-08-18 11:43:38'),
(28597, '789456123078', 13, 69, '1', '8', 'none', '2022-08-18 11:42:17', '2022-08-18 11:43:38'),
(28598, '789456123078', 14, 50, '1', '8', 'none', '2022-08-18 11:42:17', '2022-08-18 11:43:38'),
(28599, '789456123078', 15, 46, '1', '8', 'none', '2022-08-18 11:42:17', '2022-08-18 11:43:38'),
(28600, '789456123078', 1, 20, '2', '8', 'none', '2022-08-18 11:42:17', '2022-08-18 11:43:38'),
(28601, '789456123078', 2, 46, '2', '8', 'none', '2022-08-18 11:42:17', '2022-08-18 11:43:38'),
(28602, '789456123078', 3, 79, '2', '8', 'none', '2022-08-18 11:42:17', '2022-08-18 11:43:38'),
(28603, '789456123078', 4, 38, '2', '8', 'none', '2022-08-18 11:42:17', '2022-08-18 11:43:38'),
(28604, '789456123078', 5, 97, '2', '8', 'none', '2022-08-18 11:42:17', '2022-08-18 11:43:38'),
(28605, '789456123078', 6, 85, '2', '8', 'none', '2022-08-18 11:42:17', '2022-08-18 11:43:38'),
(28606, '789456123078', 7, 70, '2', '8', 'none', '2022-08-18 11:42:17', '2022-08-18 11:43:38'),
(28607, '789456123078', 8, 42, '2', '8', 'none', '2022-08-18 11:42:17', '2022-08-18 11:43:38'),
(28608, '789456123078', 9, 84, '2', '8', 'none', '2022-08-18 11:42:17', '2022-08-18 11:43:38'),
(28609, '789456123078', 10, 37, '2', '8', 'none', '2022-08-18 11:42:17', '2022-08-18 11:43:38'),
(28610, '789456123078', 11, 4, '2', '8', 'none', '2022-08-18 11:42:17', '2022-08-18 11:43:38'),
(28611, '789456123078', 12, 43, '2', '8', 'none', '2022-08-18 11:42:17', '2022-08-18 11:43:38'),
(28612, '789456123078', 13, 60, '2', '8', 'none', '2022-08-18 11:42:17', '2022-08-18 11:43:38'),
(28613, '789456123078', 14, 27, '2', '8', 'none', '2022-08-18 11:42:17', '2022-08-18 11:43:38'),
(28614, '789456123078', 15, 57, '2', '8', 'none', '2022-08-18 11:42:17', '2022-08-18 11:43:38'),
(28615, '789456123078', 1, 91, '3', '8', 'none', '2022-08-18 11:42:17', '2022-08-18 11:43:38'),
(28616, '789456123078', 2, 48, '3', '8', 'none', '2022-08-18 11:42:17', '2022-08-18 11:43:38'),
(28617, '789456123078', 3, 73, '3', '8', 'none', '2022-08-18 11:42:17', '2022-08-18 11:43:38'),
(28618, '789456123078', 4, 71, '3', '8', 'none', '2022-08-18 11:42:17', '2022-08-18 11:43:38'),
(28619, '789456123078', 5, 20, '3', '8', 'none', '2022-08-18 11:42:17', '2022-08-18 11:43:38'),
(28620, '789456123078', 6, 9, '3', '8', 'none', '2022-08-18 11:42:17', '2022-08-18 11:43:38'),
(28621, '789456123078', 7, 14, '3', '8', 'none', '2022-08-18 11:42:17', '2022-08-18 11:43:38'),
(28622, '789456123078', 8, 42, '3', '8', 'none', '2022-08-18 11:42:17', '2022-08-18 11:43:38'),
(28623, '789456123078', 9, 47, '3', '8', 'none', '2022-08-18 11:42:17', '2022-08-18 11:43:38'),
(28624, '789456123078', 10, 14, '3', '8', 'none', '2022-08-18 11:42:17', '2022-08-18 11:43:38'),
(28625, '789456123078', 11, 69, '3', '8', 'none', '2022-08-18 11:42:17', '2022-08-18 11:43:38'),
(28626, '789456123078', 12, 39, '3', '8', 'none', '2022-08-18 11:42:17', '2022-08-18 11:43:38'),
(28627, '789456123078', 13, 96, '3', '8', 'none', '2022-08-18 11:42:17', '2022-08-18 11:43:38'),
(28628, '789456123078', 14, 56, '3', '8', 'none', '2022-08-18 11:42:17', '2022-08-18 11:43:38'),
(28629, '789456123078', 15, 20, '3', '8', 'none', '2022-08-18 11:42:17', '2022-08-18 11:43:38'),
(28630, '789456123078', 1, 100, '4', '8', 'none', '2022-08-18 11:42:17', '2022-08-18 11:43:38'),
(28631, '789456123078', 2, 1, '4', '8', 'none', '2022-08-18 11:42:17', '2022-08-18 11:43:38'),
(28632, '789456123078', 3, 53, '4', '8', 'none', '2022-08-18 11:42:17', '2022-08-18 11:43:38'),
(28633, '789456123078', 4, 20, '4', '8', 'none', '2022-08-18 11:42:17', '2022-08-18 11:43:38'),
(28634, '789456123078', 5, 17, '4', '8', 'none', '2022-08-18 11:42:17', '2022-08-18 11:43:38'),
(28635, '789456123078', 6, 43, '4', '8', 'none', '2022-08-18 11:42:17', '2022-08-18 11:43:38'),
(28636, '789456123078', 7, 39, '4', '8', 'none', '2022-08-18 11:42:17', '2022-08-18 11:43:38'),
(28637, '789456123078', 8, 55, '4', '8', 'none', '2022-08-18 11:42:17', '2022-08-18 11:43:38'),
(28638, '789456123078', 9, 41, '4', '8', 'none', '2022-08-18 11:42:17', '2022-08-18 11:43:38'),
(28639, '789456123078', 10, 45, '4', '8', 'none', '2022-08-18 11:42:17', '2022-08-18 11:43:38'),
(28640, '789456123078', 11, 93, '4', '8', 'none', '2022-08-18 11:42:17', '2022-08-18 11:43:38'),
(28641, '789456123078', 12, 41, '4', '8', 'none', '2022-08-18 11:42:17', '2022-08-18 11:43:38'),
(28642, '789456123078', 13, 63, '4', '8', 'none', '2022-08-18 11:42:17', '2022-08-18 11:43:38'),
(28643, '789456123078', 14, 6, '4', '8', 'none', '2022-08-18 11:42:17', '2022-08-18 11:43:38'),
(28644, '789456123078', 15, 5, '4', '8', 'none', '2022-08-18 11:42:17', '2022-08-18 11:43:38');

-- --------------------------------------------------------

--
-- Table structure for table `subjects`
--

CREATE TABLE `subjects` (
  `id` int(11) NOT NULL,
  `subject_id` int(11) NOT NULL,
  `name` varchar(50) NOT NULL,
  `remarks` varchar(50) NOT NULL,
  `date_time_created` datetime NOT NULL,
  `date_time_updated` datetime NOT NULL
) ENGINE=InnoDB DEFAULT CHARSET=utf8mb4;

--
-- Dumping data for table `subjects`
--

INSERT INTO `subjects` (`id`, `subject_id`, `name`, `remarks`, `date_time_created`, `date_time_updated`) VALUES
(1, 1, 'Mother Tongue', '', '2022-03-26 16:36:55', '2022-03-26 16:36:55'),
(2, 2, 'Filipino', '', '2022-03-26 16:37:06', '2022-03-26 16:37:06'),
(3, 3, 'English', '', '2022-03-26 16:37:06', '2022-03-26 16:37:07'),
(4, 4, 'Mathematics', '', '2022-03-26 16:37:28', '2022-03-26 16:37:28'),
(5, 5, 'Science', '', '2022-03-26 16:37:28', '2022-03-26 16:37:28'),
(6, 6, 'Araling Panlipunan', '', '2022-03-26 16:37:45', '2022-03-26 16:37:45'),
(7, 7, 'EPP TLE', '', '2022-03-26 16:37:45', '2022-03-26 16:37:45'),
(8, 8, 'MAPEH ', '', '2022-03-26 16:38:11', '2022-03-26 16:38:11'),
(9, 9, 'Music', '', '2022-03-26 16:38:11', '2022-03-26 16:38:11'),
(10, 10, 'Arts', '', '2022-03-26 16:38:25', '2022-03-26 16:38:25'),
(11, 11, 'P.E.', '', '2022-03-26 16:38:25', '2022-03-26 16:38:25'),
(12, 12, 'Health', '', '2022-03-26 16:38:37', '2022-03-26 16:38:37'),
(13, 13, 'ESP', '', '2022-03-26 16:38:37', '2022-03-26 16:38:37'),
(14, 14, 'Arabic Language', '', '2022-03-26 16:39:18', '2022-03-26 16:39:18'),
(15, 15, 'Islamic Values Education', '', '2022-03-26 16:39:18', '2022-03-26 16:39:18');

--
-- Indexes for dumped tables
--

--
-- Indexes for table `admin`
--
ALTER TABLE `admin`
  ADD PRIMARY KEY (`id`);

--
-- Indexes for table `certifications`
--
ALTER TABLE `certifications`
  ADD PRIMARY KEY (`id`),
  ADD KEY `lrn` (`lrn`);

--
-- Indexes for table `eligibility_for_elementary_school_enrollment`
--
ALTER TABLE `eligibility_for_elementary_school_enrollment`
  ADD PRIMARY KEY (`id`),
  ADD KEY `lrn` (`lrn`);

--
-- Indexes for table `history`
--
ALTER TABLE `history`
  ADD PRIMARY KEY (`id`),
  ADD KEY `lrn` (`lrn`);

--
-- Indexes for table `learners_personal_infos`
--
ALTER TABLE `learners_personal_infos`
  ADD PRIMARY KEY (`id`),
  ADD KEY `lrn` (`lrn`);

--
-- Indexes for table `remedial_classes`
--
ALTER TABLE `remedial_classes`
  ADD PRIMARY KEY (`id`),
  ADD KEY `lrn` (`lrn`);

--
-- Indexes for table `scholastic_records`
--
ALTER TABLE `scholastic_records`
  ADD PRIMARY KEY (`id`),
  ADD KEY `lrn` (`lrn`);

--
-- Indexes for table `student_final_ratings`
--
ALTER TABLE `student_final_ratings`
  ADD PRIMARY KEY (`id`),
  ADD KEY `lrn` (`lrn`,`subject_id`),
  ADD KEY `subject_id` (`subject_id`);

--
-- Indexes for table `student_general_averages`
--
ALTER TABLE `student_general_averages`
  ADD PRIMARY KEY (`id`),
  ADD KEY `lrn` (`lrn`);

--
-- Indexes for table `student_grades`
--
ALTER TABLE `student_grades`
  ADD PRIMARY KEY (`id`),
  ADD KEY `lrn` (`lrn`),
  ADD KEY `subject_id` (`subject_id`);

--
-- Indexes for table `subjects`
--
ALTER TABLE `subjects`
  ADD PRIMARY KEY (`id`),
  ADD KEY `subject_id` (`subject_id`);

--
-- AUTO_INCREMENT for dumped tables
--

--
-- AUTO_INCREMENT for table `admin`
--
ALTER TABLE `admin`
  MODIFY `id` int(11) NOT NULL AUTO_INCREMENT, AUTO_INCREMENT=3;

--
-- AUTO_INCREMENT for table `certifications`
--
ALTER TABLE `certifications`
  MODIFY `id` int(11) NOT NULL AUTO_INCREMENT, AUTO_INCREMENT=69;

--
-- AUTO_INCREMENT for table `eligibility_for_elementary_school_enrollment`
--
ALTER TABLE `eligibility_for_elementary_school_enrollment`
  MODIFY `id` int(11) NOT NULL AUTO_INCREMENT, AUTO_INCREMENT=146;

--
-- AUTO_INCREMENT for table `history`
--
ALTER TABLE `history`
  MODIFY `id` int(11) NOT NULL AUTO_INCREMENT, AUTO_INCREMENT=9;

--
-- AUTO_INCREMENT for table `learners_personal_infos`
--
ALTER TABLE `learners_personal_infos`
  MODIFY `id` int(11) NOT NULL AUTO_INCREMENT, AUTO_INCREMENT=191;

--
-- AUTO_INCREMENT for table `remedial_classes`
--
ALTER TABLE `remedial_classes`
  MODIFY `id` int(11) NOT NULL AUTO_INCREMENT, AUTO_INCREMENT=811;

--
-- AUTO_INCREMENT for table `scholastic_records`
--
ALTER TABLE `scholastic_records`
  MODIFY `id` int(11) NOT NULL AUTO_INCREMENT, AUTO_INCREMENT=509;

--
-- AUTO_INCREMENT for table `student_final_ratings`
--
ALTER TABLE `student_final_ratings`
  MODIFY `id` int(11) NOT NULL AUTO_INCREMENT, AUTO_INCREMENT=6912;

--
-- AUTO_INCREMENT for table `student_general_averages`
--
ALTER TABLE `student_general_averages`
  MODIFY `id` int(11) NOT NULL AUTO_INCREMENT, AUTO_INCREMENT=2193;

--
-- AUTO_INCREMENT for table `student_grades`
--
ALTER TABLE `student_grades`
  MODIFY `id` int(11) NOT NULL AUTO_INCREMENT, AUTO_INCREMENT=28645;

--
-- AUTO_INCREMENT for table `subjects`
--
ALTER TABLE `subjects`
  MODIFY `id` int(11) NOT NULL AUTO_INCREMENT, AUTO_INCREMENT=17;

--
-- Constraints for dumped tables
--

--
-- Constraints for table `eligibility_for_elementary_school_enrollment`
--
ALTER TABLE `eligibility_for_elementary_school_enrollment`
  ADD CONSTRAINT `eligibility_for_elementary_school_enrollment_ibfk_1` FOREIGN KEY (`lrn`) REFERENCES `learners_personal_infos` (`lrn`) ON DELETE CASCADE ON UPDATE CASCADE;

--
-- Constraints for table `history`
--
ALTER TABLE `history`
  ADD CONSTRAINT `history_ibfk_1` FOREIGN KEY (`lrn`) REFERENCES `learners_personal_infos` (`lrn`) ON DELETE CASCADE ON UPDATE CASCADE;

--
-- Constraints for table `remedial_classes`
--
ALTER TABLE `remedial_classes`
  ADD CONSTRAINT `remedial_classes_ibfk_1` FOREIGN KEY (`lrn`) REFERENCES `learners_personal_infos` (`lrn`) ON DELETE CASCADE ON UPDATE CASCADE;

--
-- Constraints for table `scholastic_records`
--
ALTER TABLE `scholastic_records`
  ADD CONSTRAINT `scholastic_records_ibfk_1` FOREIGN KEY (`lrn`) REFERENCES `learners_personal_infos` (`lrn`) ON DELETE CASCADE ON UPDATE CASCADE;

--
-- Constraints for table `student_final_ratings`
--
ALTER TABLE `student_final_ratings`
  ADD CONSTRAINT `student_final_ratings_ibfk_1` FOREIGN KEY (`subject_id`) REFERENCES `subjects` (`subject_id`) ON DELETE CASCADE ON UPDATE CASCADE,
  ADD CONSTRAINT `student_final_ratings_ibfk_2` FOREIGN KEY (`lrn`) REFERENCES `learners_personal_infos` (`lrn`) ON DELETE CASCADE ON UPDATE CASCADE;

--
-- Constraints for table `student_general_averages`
--
ALTER TABLE `student_general_averages`
  ADD CONSTRAINT `student_general_averages_ibfk_1` FOREIGN KEY (`lrn`) REFERENCES `student_grades` (`lrn`) ON DELETE CASCADE ON UPDATE CASCADE;

--
-- Constraints for table `student_grades`
--
ALTER TABLE `student_grades`
  ADD CONSTRAINT `student_grades_ibfk_1` FOREIGN KEY (`subject_id`) REFERENCES `subjects` (`subject_id`) ON DELETE CASCADE ON UPDATE CASCADE,
  ADD CONSTRAINT `student_grades_ibfk_2` FOREIGN KEY (`lrn`) REFERENCES `learners_personal_infos` (`lrn`) ON DELETE CASCADE ON UPDATE CASCADE;
COMMIT;

/*!40101 SET CHARACTER_SET_CLIENT=@OLD_CHARACTER_SET_CLIENT */;
/*!40101 SET CHARACTER_SET_RESULTS=@OLD_CHARACTER_SET_RESULTS */;
/*!40101 SET COLLATION_CONNECTION=@OLD_COLLATION_CONNECTION */;
